Name	Sequence	yjl3_name	yjl3_count	yjl3_freq	yjl2_name	yjl2_count	yjl2_freq
D1	ACCGTGACCCAGGACTCCTCCCTGCAGGGACGGCTGCTTCATCTA	B2	16	0.013710368466152529	A5	19	0.012017710309930424
D2	ACCGTGACCCAGGACTCCTCCCTGCAGAGGACGGCTGCTTCATCTA	B3	15	0.012853470437017995	A8	15	0.009487666034155597
D3	ACCGTGACCCAGGACTCCTCCCTGCATGCAGGACGGCTGCTTCATCTA	B4	15	0.012853470437017995	A9	15	0.009487666034155597
D4	ACCGTGACCCAGGACTCCTCCCTGCAGCGGCTGCTTCATCTA	B5	14	0.011996572407883462	A11	14	0.008855154965211892
D5	ACCGTGACCCAGGACTCCTCCCTGCTGCAGGACGGCTGCTTCATCTA	B19	9	0.007712082262210797	A26	8	0.005060088551549652
D6	ACCGTGACCCAGGACTCCTCCAGGACGGCTGCTTCATCTA	B24	8	0.006855184233076264	A39	7	0.004427577482605946
D7	ACCGTGACCCAGGACTCCTCCCTGCAGCTTCATCTA	B28	8	0.006855184233076264	A90	4	0.002530044275774826
D8	ACCGTGACCCAGGACTCCTCCCTGCAAGGACGGCTGCTTCATCTA	B56	4	0.003427592116538132	A92	4	0.002530044275774826
D9	ACCGTGACCCAGGACTCCTCCCTGACGGCTGCTTCATCTA	B98	3	0.002570694087403599	A106	4	0.002530044275774826
D10	ACCGTGACCCAGGACTCCTCCCTGCGGCTGCTTCATCTA	B37	6	0.005141388174807198	A109	4	0.002530044275774826
D11	ACCGTGACCCAGGACTCCTCCCTGCAGGCTTCATCTA	B214	2	0.001713796058269066	A157	2	0.001265022137887413
D12	ACCGTGACCCAGGACTCCTCCCTGCCTGCTTCATCTA	B72	4	0.003427592116538132	A174	2	0.001265022137887413
D13	ACCGTGACCCAGGACTCCTCCCTGCCTGCAGGACGGCTGCTTCATCTA	B65	4	0.003427592116538132	A190	2	0.001265022137887413
D14	ACCGTGACCCAGGACTCCTCCCTGAGGACGGCTGCTTCATCTA	B213	2	0.001713796058269066	A200	2	0.001265022137887413
D15	ACCGTGACCCAGGACTCCTCCCTGCAACGGCTGCTTCATCTA	B78	4	0.003427592116538132	A207	2	0.001265022137887413
D16	ACCGTGACCCAGGACTCCTCCCTGCCGGCTGCTTCATCTA	B181	2	0.001713796058269066	A212	2	0.001265022137887413
D17	ACCGTGACCCAGGACTCCTCCCTCAGGACGGCTGCTTCATCTA	B130	2	0.001713796058269066	A263	1	0.0006325110689437065
D18	ACCGTGACCCAGGACTCCTCCCTGCAAGGCTGCTTCATCTA	B237	1	0.000856898029134533	A405	1	0.0006325110689437065
D19	ACCGTGACCCAGGACTCCTCCCTGCAGCATGCAGGACGGCTGCTTCATCTA	B394	1	0.000856898029134533	A480	1	0.0006325110689437065
D20	ACCGTGACCCAGGACTCCTCCCTGCAAGCTGCAGGACGGCTGCTTCATCTA	B395	1	0.000856898029134533	A481	1	0.0006325110689437065
D21	ACCGTGACCCAGGACTCCTCCCTGTGTGTCCATATTCCATATTAACTGCAGGACGGCTGCTTCATCTA	B6	13	0.011139674378748929	ANone	0	0.0
D22	ACCGTGACCCAGGACTCCTCCCTGCAAGTCCATATTCTGCAGGACGGCTGCTTCATCTA	B7	13	0.011139674378748929	ANone	0	0.0
D23	ACCGTGACCCAGGACTCCTCCCTGCAGCTCCATATTATGCAGGACGGCTGCTTCATCTA	B9	12	0.010282776349614395	ANone	0	0.0
D24	ACCGTGACCCTCCTTTAGTCCATATTACTGCAGGACGGCTGCTTCATCTA	B10	12	0.010282776349614395	ANone	0	0.0
D25	ACCGTGACCCAGGACTCCTCCCTTATTTATTCCAACTGCAGGACGGCTGCTTCATCTA	B12	11	0.009425878320479864	ANone	0	0.0
D26	ACCGTGACCCAGGACTCCTCCCTGCATCTCCATATTACATATTAGCTGCAGGACGGCTGCTTCATCTA	B13	11	0.009425878320479864	ANone	0	0.0
D27	ACCGTGACCCAGGACTCCTCCCTGCAGCTATTATGCAGGACGGCTGCTTCATCTA	B14	11	0.009425878320479864	ANone	0	0.0
D28	ACCGTGACCCAGGACTCCTCCCTGCAAGTATTCTGCAGGACGGCTGCTTCATCTA	B15	11	0.009425878320479864	ANone	0	0.0
D29	ACCGTGACCCAGGACTCCTTTTAGCCATATTACTGCAGGACGGCTGCTTCATCTA	B16	10	0.00856898029134533	ANone	0	0.0
D30	ACCGTGACCCAGGACTCCTCCCTGCAGCTTAGTCCATATTATGCAGGACGGCTGCTTCATCTA	B18	9	0.007712082262210797	ANone	0	0.0
D31	ACCGTGACCCAGGACTCCTCCTCCATATTCCATATTATACTTTAGCTGCAGGACGGCTGCTTCATCTA	B22	8	0.006855184233076264	ANone	0	0.0
D32	ACCGTGACCCAGGACTCGCTTTATCCATATTACTGCAGGACGGCTGCTTCATCTA	B23	8	0.006855184233076264	ANone	0	0.0
D33	ACCGTGACCCAGGACTCCTCCCTGCAAGTTAGTCCATATTCTGCAGGACGGCTGCTTCATCTA	B25	8	0.006855184233076264	ANone	0	0.0
D34	ACCGTGACCCAGGACTCCTCCCTGCAGCCCTTTAGTCCATATTATGCAGGACGGCTGCTTCATCTA	B26	8	0.006855184233076264	ANone	0	0.0
D35	ACCGTGACCCAGGACTCCTCCCTGCAAGCCTTTAGTCCATATTCTGCAGGACGGCTGCTTCATCTA	B27	8	0.006855184233076264	ANone	0	0.0
D36	ACCGTGACCCAGGACTCCTCCCTGCAAGTAGTCCATATTCTGCAGGACGGCTGCTTCATCTA	B30	7	0.005998286203941731	ANone	0	0.0
D37	ACCGTGACCCAGGACTCCTCCCTGCAACTTTAGTCCATATTCTGCAGGACGGCTGCTTCATCTA	B31	7	0.005998286203941731	ANone	0	0.0
D38	ACCGTGACCCAGGACTCCTCCCTGCTACTTTAGTCCATATACTGCAGGACGGCTGCTTCATCTA	B32	7	0.005998286203941731	ANone	0	0.0
D39	ACCGTGACCCAGGACTCCTTGTCCATAGTCCATATTTTCCTTTAACTGCAGGACGGCTGCTTCATCTA	B33	6	0.005141388174807198	ANone	0	0.0
D40	ACCGTGACCCAGGACTCCTCCCTGCAGCCATATTATGCAGGACGGCTGCTTCATCTA	B34	6	0.005141388174807198	ANone	0	0.0
D41	ACCGTGACCCAGGACTCCTCCCTGCAAGCATATTCTGCAGGACGGCTGCTTCATCTA	B35	6	0.005141388174807198	ANone	0	0.0
D42	ACCGTGACCCAGGACTCCTCCCTCCATCTCCATATTACATATTAGCTGCAGGACGGCTGCTTCATCTA	B38	6	0.005141388174807198	ANone	0	0.0
D43	ACCGTGACCCAGGACTCCTCCCTGCAGCTAGTCCATATTATGCAGGACGGCTGCTTCATCTA	B39	6	0.005141388174807198	ANone	0	0.0
D44	ACCGTGACCCAGGACTTTATTTAGGTCCTCCATATTACTGCAGGACGGCTGCTTCATCTA	B40	6	0.005141388174807198	ANone	0	0.0
D45	ACCGTGACCCAACTTTAGCTTTACCTCGTCCATATTACTGCAGGACGGCTGCTTCATCTA	B41	6	0.005141388174807198	ANone	0	0.0
D46	ACCGTGACCCAGGTTTAGCTTTAGCTCCTCCATATTACTGCAGGACGGCTGCTTCATCTA	B42	6	0.005141388174807198	ANone	0	0.0
D47	ACCGTGACCCAGGACTCCTCCCTCATATATATCTACTGCAGGACGGCTGCTTCATCTA	B43	5	0.004284490145672665	ANone	0	0.0
D48	ACCGTGACCCAGGACTCCTCCCTGCAGCCTCCTTTAGTCCATATTATGCAGGACGGCTGCTTCATCTA	B44	5	0.004284490145672665	ANone	0	0.0
D49	ACCGTGACCCAGGCCTTTCTTTAACTCGTCCATATTACTGCAGGACGGCTGCTTCATCTA	B46	5	0.004284490145672665	ANone	0	0.0
D50	ACCGTGACCCAGGACTCCTCCCTGCAAGTCCTTTAGTCCATATTCTGCAGGACGGCTGCTTCATCTA	B48	5	0.004284490145672665	ANone	0	0.0
D51	ACCGTGACCCAGGACTCCTCCCTACTGCAGGACGGCTGCTTCATCTA	B49	4	0.003427592116538132	ANone	0	0.0
D52	ACCGTGACCCAGGACTCCTCCCTCTGCTTCATCTA	B50	4	0.003427592116538132	ANone	0	0.0
D53	ACCGTGACCCAGGACTCCTCAATATGATATTCCTACTGCAGGACGGCTGCTTCATCTA	B51	4	0.003427592116538132	ANone	0	0.0
D54	ACCGTGACCCAGGACTCCTCCGATATATATTCCTACTGCAGGACGGCTGCTTCATCTA	B53	4	0.003427592116538132	ANone	0	0.0
D55	ACCGTGACCCAGGACTCCTCCCTGCAGCAAGCCTCCTTTAGTCCATATTATGCAGGACGGCTGCTTCATCTA	B54	4	0.003427592116538132	ANone	0	0.0
D56	ACCGTGACCCAGGACTCCTCCCTGCAAGAAGCCTCCTTTAGTCCATATTCTGCAGGACGGCTGCTTCATCTA	B55	4	0.003427592116538132	ANone	0	0.0
D57	ACCGTGACCCAGGACTCCTCCCTGCAATTTAGTCCATATTCTGCAGGACGGCTGCTTCATCTA	B57	4	0.003427592116538132	ANone	0	0.0
D58	ACCGTGACCCAGGACTCCTCCCTGCAGCCCTCCTTTAGTCCATATTATGCAGGACGGCTGCTTCATCTA	B58	4	0.003427592116538132	ANone	0	0.0
D59	ACCGTGACCCAGGACTCCTCCCTGCAAGCCTCCTTTAGTCCATATTCTGCAGGACGGCTGCTTCATCTA	B59	4	0.003427592116538132	ANone	0	0.0
D60	ACCGTGACCCAGGTAGTCCATATTACTGCAGGACGGCTGCTTCATCTA	B60	4	0.003427592116538132	ANone	0	0.0
D61	ACCGTGACCCAGGACTCCTCCCTCTGTGTCCATATTCCATATTAACTGCAGGACGGCTGCTTCATCTA	B61	4	0.003427592116538132	ANone	0	0.0
D62	ACCGTGACCCAGGACTCCTCCCTGCAGTCATCTA	B62	4	0.003427592116538132	ANone	0	0.0
D63	ACCGTGACCCAGGACTCCTCCCTGCTAAAGCCTCCTTTAGTCCATATACTGCAGGACGGCTGCTTCATCTA	B63	4	0.003427592116538132	ANone	0	0.0
D64	ACCGTGACCCAGCCTCCTTTTAGCCATATTACTGCAGGACGGCTGCTTCATCTA	B64	4	0.003427592116538132	ANone	0	0.0
D65	ACCGTGACCCAGGACTCCTCCCTGCAGCTCCTTTAGTCCATATTATGCAGGACGGCTGCTTCATCTA	B66	4	0.003427592116538132	ANone	0	0.0
D66	ACCGTGACCCACTGCAGGACGGCTGCTTCATCTA	B67	4	0.003427592116538132	ANone	0	0.0
D67	ACCGTGACCCAGGACTCCTCCCTGCTAGGACGGCTGCTTCATCTA	B69	4	0.003427592116538132	ANone	0	0.0
D68	ACCGTGACCCAGGACTCCTCCCTGCAGCGCCTCCTTTAGTCCATATTATGCAGGACGGCTGCTTCATCTA	B70	4	0.003427592116538132	ANone	0	0.0
D69	ACCGTGACCCAGGACTCCTCCCTGCAAGGCCTCCTTTAGTCCATATTCTGCAGGACGGCTGCTTCATCTA	B71	4	0.003427592116538132	ANone	0	0.0
D70	ACCGTGACCCAGGATAGTCCATATTACTGCAGGACGGCTGCTTCATCTA	B73	4	0.003427592116538132	ANone	0	0.0
D71	ACCGTGACCCAGGACTCCTCTGCAGGACGGCTGCTTCATCTA	B74	4	0.003427592116538132	ANone	0	0.0
D72	ACCGTGACCCAGGACTCCTCCCTGCAGTAGGACGGCTGCTTCATCTA	B75	4	0.003427592116538132	ANone	0	0.0
D73	ACCGTGACTTAGTCCATATTACTGCAGGACGGCTGCTTCATCTA	B76	4	0.003427592116538132	ANone	0	0.0
D74	ACCGTGACCCAGGACTCCTCCGTATTTTATTCCAACTGCAGGACGGCTGCTTCATCTA	B79	3	0.002570694087403599	ANone	0	0.0
D75	ACCGTGACCCAGGACTCCTCCCTGCAGCATTATGCAGGACGGCTGCTTCATCTA	B80	3	0.002570694087403599	ANone	0	0.0
D76	ACCGTGACCCAGGACTCCTCCCTGCAAGATTCTGCAGGACGGCTGCTTCATCTA	B81	3	0.002570694087403599	ANone	0	0.0
D77	ACCGTGACCCAGGACTCCCAGTCCATAGTCCATATATTCCTTTTACTGCAGGACGGCTGCTTCATCTA	B82	3	0.002570694087403599	ANone	0	0.0
D78	ACCGTGACCCAGGACTCCTCCCTGCAATCCTTTAGTCCATATTCTGCAGGACGGCTGCTTCATCTA	B83	3	0.002570694087403599	ANone	0	0.0
D79	ACCGTGACCCAGGACTCCCCCCTGCAGGACGGCTGCTTCATCTA	B84	3	0.002570694087403599	ANone	0	0.0
D80	ACCGTGACCCACCATATTACTGCAGGACGGCTGCTTCATCTA	B85	3	0.002570694087403599	ANone	0	0.0
D81	ACCGTGACCCAGGACTCCTCCCTGCTCTGCTTCATCTA	B87	3	0.002570694087403599	ANone	0	0.0
D82	ACCGTGACCCAGGACTCCTCCCTGCTTATACTGCAGGACGGCTGCTTCATCTA	B88	3	0.002570694087403599	ANone	0	0.0
D83	ACCGTGACCCAGGACTCCTCCCTGTCTATACTGCAGGACGGCTGCTTCATCTA	B89	3	0.002570694087403599	ANone	0	0.0
D84	ACCGTGACCCAGGACTCCTCCATATTACTGCAGGACGGCTGCTTCATCTA	B90	3	0.002570694087403599	ANone	0	0.0
D85	ACCGTGACCCAGGACTCCTCCCTGCAGCGTCCATATTATGCAGGACGGCTGCTTCATCTA	B91	3	0.002570694087403599	ANone	0	0.0
D86	ACCGTGACCCAGGACTCCTCCCTGCAAAAGCCTCCTTTAGTCCATATTCTGCAGGACGGCTGCTTCATCTA	B92	3	0.002570694087403599	ANone	0	0.0
D87	ACCGTGACCCAGGACTCCTCCCTGCAGCTATGCAGGACGGCTGCTTCATCTA	B93	3	0.002570694087403599	ANone	0	0.0
D88	ACCGTGACCCAGGACTCCTCCCTGCAAGTCTGCAGGACGGCTGCTTCATCTA	B94	3	0.002570694087403599	ANone	0	0.0
D89	ACCGTGACCCAGGACTCCTCCCTCCAATATTCTGCAGGACGGCTGCTTCATCTA	B95	3	0.002570694087403599	ANone	0	0.0
D90	ACCGTGACCCAGCTTTAGTCCATATTACTGCAGGACGGCTGCTTCATCTA	B96	3	0.002570694087403599	ANone	0	0.0
D91	ACCGTGACCCAGCCTCGCTTTATCCATATTACTGCAGGACGGCTGCTTCATCTA	B97	3	0.002570694087403599	ANone	0	0.0
D92	ACCGTGACCCAGGACTCCTCCCTGCAACCTTTAGTCCATATTCTGCAGGACGGCTGCTTCATCTA	B99	3	0.002570694087403599	ANone	0	0.0
D93	ACCGTGACCCAGGACTCCTCCCTGCAAGCTCCTTTAGTCCATATTCTGCAGGACGGCTGCTTCATCTA	B100	3	0.002570694087403599	ANone	0	0.0
D94	ACCGTGACCCAGGACTCCTCCCTGCAAGCAGGACGGCTGCTTCATCTA	B101	3	0.002570694087403599	ANone	0	0.0
D95	ACCGTGACCCAGGACTCCTCCCTGCAAGATATTCTGCAGGACGGCTGCTTCATCTA	B102	3	0.002570694087403599	ANone	0	0.0
D96	ACCGTGACCCAGTGTCCATATTACTGCAGGACGGCTGCTTCATCTA	B103	3	0.002570694087403599	ANone	0	0.0
D97	ACCGTGACCCAGGACTCCTCCCTGCTCATATACTGCAGGACGGCTGCTTCATCTA	B104	3	0.002570694087403599	ANone	0	0.0
D98	ACCGTGACCCAGGACTCCTCCCTGTCCATATACTGCAGGACGGCTGCTTCATCTA	B105	3	0.002570694087403599	ANone	0	0.0
D99	ACCGTGACCCAGGACTCCTCCCTGCAGCAGTCCATATTATGCAGGACGGCTGCTTCATCTA	B106	3	0.002570694087403599	ANone	0	0.0
D100	ACCGTGACCCAGGACTCCTCCCTTTAGCTCCATATTATGCAGGACGGCTGCTTCATCTA	B107	3	0.002570694087403599	ANone	0	0.0
D101	ACCGTGACCCAGGACTCCTCCCTTTAAGTCCATATTCTGCAGGACGGCTGCTTCATCTA	B108	3	0.002570694087403599	ANone	0	0.0
D102	ACCGTGACCCAGGACTCCTCCCTGCAACCATATTCTGCAGGACGGCTGCTTCATCTA	B109	3	0.002570694087403599	ANone	0	0.0
D103	ACCGTGACCCAGGACTCCTCCCTGCAAATTCTGCAGGACGGCTGCTTCATCTA	B110	2	0.001713796058269066	ANone	0	0.0
D104	ACCGTGACCCAGGACTCCTCCCTGCTAATACTGCAGGACGGCTGCTTCATCTA	B111	2	0.001713796058269066	ANone	0	0.0
D105	ACCGTGACCCAGGACTCCTCCCTTGTCGTCCATATTCATATTTAACTGCAGGACGGCTGCTTCATCTA	B112	2	0.001713796058269066	ANone	0	0.0
D106	ACCGTGACCCAGGACTCCTCCCTGCAGCTTATGCAGGACGGCTGCTTCATCTA	B113	2	0.001713796058269066	ANone	0	0.0
D107	ACCGTGACCCAGGACTCCTCCCTGCAAGTTCTGCAGGACGGCTGCTTCATCTA	B114	2	0.001713796058269066	ANone	0	0.0
D108	ACCGTGACCCAGGGCTCCTCCCTGCAGGACGGCTGCTTCATCTA	B116	2	0.001713796058269066	ANone	0	0.0
D109	ACCGTGACCCAGGACTCCTGCCATATTACTGCAGGACGGCTGCTTCATCTA	B117	2	0.001713796058269066	ANone	0	0.0
D110	ACCGTGACCCAGGACTCGCTCCATATTACTGCAGGACGGCTGCTTCATCTA	B118	2	0.001713796058269066	ANone	0	0.0
D111	ACCGTGACCCAGGACTCCTCCCCATTACTGCAGGAGGGCTGCTTCATCTA	B119	2	0.001713796058269066	ANone	0	0.0
D112	ACCGTGACCCAGGACTCCTCCCTGTGCAGGACGGCTGCTTCATCTA	B120	2	0.001713796058269066	ANone	0	0.0
D113	ACCGTGACCCAGGACTCCTACAGCCTGCAGGACGGCTGCTTCATCTA	B122	2	0.001713796058269066	ANone	0	0.0
D114	ACCGTGACCCAGGACTCCTCCCTGCTATATTTTAACTGCAGGACGGCTGCTTCATCTA	B124	2	0.001713796058269066	ANone	0	0.0
D115	ACCGTGACCCAGGACTCCTCCCTGCAGTGCAGGCTGCTTCATCTA	B125	2	0.001713796058269066	ANone	0	0.0
D116	ACCGTGACCCAGGACTCCTCCCTAGCAGCTCCTTTAGTCCATTTACTGCAGGACGGCTGCTTCATCTA	B126	2	0.001713796058269066	ANone	0	0.0
D117	ACCGTGACCCAGGACTCCTCCCTGCAGCCTTTAGTCCATATTATGCAGGACGGCTGCTTCATCTA	B128	2	0.001713796058269066	ANone	0	0.0
D118	ACCGTGACCCAGGACTCCTCCCTGCTATTTAGTCCATATACTGCAGGACGGCTGCTTCATCTA	B129	2	0.001713796058269066	ANone	0	0.0
D119	ACCGTGACCCACTCTTTAGTCCATATTACTGCAGGACGGCTGCTTCATCTA	B131	2	0.001713796058269066	ANone	0	0.0
D120	ACCGTGACCCAGGACTGCTCAGGACGGCTGCTTCATCTA	B132	2	0.001713796058269066	ANone	0	0.0
D121	ACCGTGACCCAGGACGCCTCCGTATTTTATTCCAACTGCAGGACGGCTGCTTCATCTA	B133	2	0.001713796058269066	ANone	0	0.0
D122	ACCGTGACCCAGGACTTTAGTCCATATTACTGCAGGACGGCTGCTTCATCTA	B134	2	0.001713796058269066	ANone	0	0.0
D123	ACCGTGACCCAGGACTTGTATCCATATTACTGCAGGACGGCTGCTTCATCTA	B135	2	0.001713796058269066	ANone	0	0.0
D124	ACCGTGACCCAGGACTCCATATTACTGCAGGACGGCTGCTTCATCTA	B136	2	0.001713796058269066	ANone	0	0.0
D125	ACCGTGACCCAGGACTGGTCCATATTCGTCCATATTCTCCTTTAACTGCAGGACGGCTGCTTCATCTA	B137	2	0.001713796058269066	ANone	0	0.0
D126	ACCGTGACCCAGGACTCCTCCCTGCAAGGTCCATATTCTGCAGGACGGCTGCTTCATCTA	B139	2	0.001713796058269066	ANone	0	0.0
D127	ACCGTGACCCAGAACTTTATTTAGGTCCTCCATATTACTGCAGGACGGCTGCTTCATCTA	B141	2	0.001713796058269066	ANone	0	0.0
D128	ACCGTGACCCAGGACTCCAGCCTGCAGGACGGCTGCTTCATCTA	B142	2	0.001713796058269066	ANone	0	0.0
D129	ACCGTGACCCAGGACTCCTCCCTGCAGCTTTAGTCCATATTATGCAGGACGGCTGCTTCATCTA	B143	2	0.001713796058269066	ANone	0	0.0
D130	ACCGTGACCCAGGACTCCTCCCTGCAAGTTTAGTCCATATTCTGCAGGACGGCTGCTTCATCTA	B144	2	0.001713796058269066	ANone	0	0.0
D131	ACCGTGACCCAGGACTCGCTCTCCATATTACTGCAGGACGGCTGCTTCATCTA	B146	2	0.001713796058269066	ANone	0	0.0
D132	ACCGTGACCCAGGACTCCTCCCTGCTTTGCAGGACGGCTGCTTCATCTA	B147	2	0.001713796058269066	ANone	0	0.0
D133	ACCGTGACCCAGGAGGACAGGACGGCTGCTTCATCTA	B148	2	0.001713796058269066	ANone	0	0.0
D134	ACCGTGACCCAGGATGCAGGACGGCTGCTTCATCTA	B149	2	0.001713796058269066	ANone	0	0.0
D135	ACCGTGACCCAGGACTCCTCCCTCCCAGGACGGCTGCTTCATCTA	B150	2	0.001713796058269066	ANone	0	0.0
D136	ACCGTGACCCAGGACTCCTCCCTGCAACTCCTTTAGTCCATATTCTGCAGGACGGCTGCTTCATCTA	B151	2	0.001713796058269066	ANone	0	0.0
D137	ACCGTGACCCAGGACTCCTCCCTGCTACTCCTTTAGTCCATATACTGCAGGACGGCTGCTTCATCTA	B152	2	0.001713796058269066	ANone	0	0.0
D138	ACCGTGACCCAGGACTCCTCCCTGGGCTGCTTCATCTA	B153	2	0.001713796058269066	ANone	0	0.0
D139	ACCGTGACCCAGGACTCCTCCCTCCTATATACTGCAGGACGGCTGCTTCATCTA	B154	2	0.001713796058269066	ANone	0	0.0
D140	ACCGTGACCCAGGACTCCTCCCTGCAATCTGCAGGACGGCTGCTTCATCTA	B155	2	0.001713796058269066	ANone	0	0.0
D141	ACCGTGACCCAGGACTACTGCAGGACGGCTGCTTCATCTA	B156	2	0.001713796058269066	ANone	0	0.0
D142	ACCGTGACCCAGGACTCCTCCCTGCGCTGCTTCATCTA	B157	2	0.001713796058269066	ANone	0	0.0
D143	ACCGTGACCCAAGCCTCCTTTTAGCCATATTACTGCAGGACGGCTGCTTCATCTA	B158	2	0.001713796058269066	ANone	0	0.0
D144	ACCGTGACCCAAGCCTCGCTTTATCCATATTACTGCAGGACGGCTGCTTCATCTA	B159	2	0.001713796058269066	ANone	0	0.0
D145	ACCGTGACCCAGATATTACTGCAGGACGGCTGCTTCATCTA	B160	2	0.001713796058269066	ANone	0	0.0
D146	ACCGTGACCCAGGTCCATATTACTGCAGGACGGCTGCTTCATCTA	B161	2	0.001713796058269066	ANone	0	0.0
D147	ACCGTGATCCTTTAGTCCATATTACTGCAGGACGGCTGCTTCATCTA	B162	2	0.001713796058269066	ANone	0	0.0
D148	ACCGTGACCCAGGACTCCCGTCCATATGTCCATATTTCCCTTTAACTGCAGGACGGCTGCTTCATCTA	B164	2	0.001713796058269066	ANone	0	0.0
D149	ACCGTGACCCAGCCATATTACTGCAGGACGGCTGCTTCATCTA	B165	2	0.001713796058269066	ANone	0	0.0
D150	ACCGTGACCCAGGAGCAGGACGGCTGCTTCATCTA	B166	2	0.001713796058269066	ANone	0	0.0
D151	ACCGTGACCCAGGACGTATTCCTCTATTATTTCTTCCAACTGCAGGACGGCTGCTTCATCTA	B167	2	0.001713796058269066	ANone	0	0.0
D152	ACCGTGACCCAGGACTCCTCCCTGCAGTAATGAGTGAGCTTCATCTA	B168	2	0.001713796058269066	ANone	0	0.0
D153	ACCGTGACCCAGGACTCCTCCCTGCACAGGACGGCTGCTTCATCTA	B169	2	0.001713796058269066	ANone	0	0.0
D154	ACCGTGACCCAGGACTCCTCCCTTGCAGGACGGCTGCTTCATCTA	B170	2	0.001713796058269066	ANone	0	0.0
D155	ACCGTGACCCAGGACTCCTCCCTGCAGGAGGCTGCTTCATCTA	B172	2	0.001713796058269066	ANone	0	0.0
D156	ACCGTGACCCAGCCTTTAGTCCATATTACTGCAGGACGGCTGCTTCATCTA	B173	2	0.001713796058269066	ANone	0	0.0
D157	ACCGTGACCCAGCCTTATGTCCATATTACTGCAGGACGGCTGCTTCATCTA	B174	2	0.001713796058269066	ANone	0	0.0
D158	ACCGTGACCCAGGACTCCTCCCTGCAGCAAAAGCCTCCTTTAGTCCATATTATGCAGGACGGCTGCTTCATCTA	B175	2	0.001713796058269066	ANone	0	0.0
D159	ACCGTGACCCAGGACTCCTCCCTGCAAGAAAAGCCTCCTTTAGTCCATATTCTGCAGGACGGCTGCTTCATCTA	B176	2	0.001713796058269066	ANone	0	0.0
D160	ACCGTGACCCAGGACTCAGGGGACGGCTGCTTCATCTA	B177	2	0.001713796058269066	ANone	0	0.0
D161	ACCGTGGCCCAGGACTCCTCCAGGACGGCTGCTTCATCTA	B178	2	0.001713796058269066	ANone	0	0.0
D162	ACCGCGACCCAGGACTCCTCCCTGCTATTTAGTCCATATACTGCAGGACGGCTGCTTCATCTA	B179	2	0.001713796058269066	ANone	0	0.0
D163	ACCGTGACCCAGGACTCCTTCTTTAGCCATATTACTGCAGGACGGCTGCTTCATCTA	B180	2	0.001713796058269066	ANone	0	0.0
D164	ACCGTGACCCAGGACTCTGCAGGACGGCTGCTTCATCTA	B182	2	0.001713796058269066	ANone	0	0.0
D165	ACCGTGACCCAGGACTCCTCCCTGCAGAAAGGACGGCTGCTTCATCTA	B183	2	0.001713796058269066	ANone	0	0.0
D166	ACCGTGACCCAGGACTTGCCTTTATCCATATTACTGCAGGACGGCTGCTTCATCTA	B184	2	0.001713796058269066	ANone	0	0.0
D167	ACCGTGACCCAGGACTCCTTAGTCCATATTACTGCAGGACGGCTGCTTCATCTA	B185	2	0.001713796058269066	ANone	0	0.0
D168	ACCGTGACCCAGGACTCCTCCCGAGGACGGCTGCTTCATCTA	B188	2	0.001713796058269066	ANone	0	0.0
D169	ACCGTGACCCAGGACTCCTCCCTGCAATAGTCCATATTCTGCAGGACGGCTGCTTCATCTA	B189	2	0.001713796058269066	ANone	0	0.0
D170	ACCGTGACCCAGGACTCCTCCCTGCAGGGAGGGCTGCTTCATCTA	B190	2	0.001713796058269066	ANone	0	0.0
D171	ACCGTGACCCAGGACTCCTCCCTGCAAAGCCTCCTTTAGTCCATATTCTGCAGGACGGCTGCTTCATCTA	B191	2	0.001713796058269066	ANone	0	0.0
D172	ACCGTGACCCAGGACTCCTCCCTGCTAAGCCTCCTTTAGTCCATATACTGCAGGACGGCTGCTTCATCTA	B192	2	0.001713796058269066	ANone	0	0.0
D173	ACCGTGACCCAGGGTCCATATTACTGCAGGACGGCTGCTTCATCTA	B193	2	0.001713796058269066	ANone	0	0.0
D174	ACCGTGACCCAGGACTCCTCCCTACTATATTTTAACTGCAGGACGGCTGCTTCATCTA	B194	2	0.001713796058269066	ANone	0	0.0
D175	ACCGTGACCCAGGACTCCTCCCTGCAGCATATTATGCAGGACGGCTGCTTCATCTA	B195	2	0.001713796058269066	ANone	0	0.0
D176	ACCGTGACCCAGGACTCCTCCCTGTCTACTGCAGGACGGCTGCTTCATCTA	B196	2	0.001713796058269066	ANone	0	0.0
D177	ACCGTGACCCAGGACTCCACAGGACGGCTGCTTCATCTA	B197	2	0.001713796058269066	ANone	0	0.0
D178	ACCGTGACCCAGGACCCATATTACTGCAGGACGGCTGCTTCATCTA	B198	2	0.001713796058269066	ANone	0	0.0
D179	ACCGTGACCCAGGACTCCTCCCTGCAGATTCATCTA	B199	2	0.001713796058269066	ANone	0	0.0
D180	ACCGTGACCCAGGACTCCTCCCTATTACTGCAGGACGGCTGCTTCATCTA	B200	2	0.001713796058269066	ANone	0	0.0
D181	ACCGTGACCCAGGACTTTACTGCAGGACGGCTGCTTCATCTA	B202	2	0.001713796058269066	ANone	0	0.0
D182	ACCGTGACCCAGGACTTGCAGGACGGCTGCTTCATCTA	B203	2	0.001713796058269066	ANone	0	0.0
D183	ACCGTGACCCAGCTGCAGGACGGCTGCTTCATCTA	B204	2	0.001713796058269066	ANone	0	0.0
D184	ACCGTGACCCAGGACTCCTCCCTGCTACCTTTAGTCCATATACTGCAGGACGGCTGCTTCATCTA	B205	2	0.001713796058269066	ANone	0	0.0
D185	ACCGTGACCCAGGACTCCTCCCTGCAGTTGCTTCATCTA	B207	2	0.001713796058269066	ANone	0	0.0
D186	ACCGTGACCCATATTACTGCAGGACGGCTGCTTCATCTA	B208	2	0.001713796058269066	ANone	0	0.0
D187	ACCGTGTCCCAGGACTCCTCCCTGCAGCTGCAGGACGGCTGCTTCATCTA	B210	2	0.001713796058269066	ANone	0	0.0
D188	ACCGTGACCCAGGACTCCTCCCACGGCTGCTTCATCTA	B211	2	0.001713796058269066	ANone	0	0.0
D189	ACCGTGACCCAGGACTCCTTACTGCAGGACGGCTGCTTCATCTA	B212	2	0.001713796058269066	ANone	0	0.0
D190	ACCGTGACCCAGTTTAGTCCATATTACTGCAGGACGGCTGCTTCATCTA	B215	2	0.001713796058269066	ANone	0	0.0
D191	ACCGTGACCTAGTCCATATTACTGCAGGACGGCTGCTTCATCTA	B216	2	0.001713796058269066	ANone	0	0.0
D192	ACCGTGACCCAGGACTCCTCCCTGCAGCAGCCTCCTTTAGTCCATATTATGCAGGACGGCTGCTTCATCTA	B217	1	0.000856898029134533	ANone	0	0.0
D193	ACCGTGACCCAGGACTCCTCCCTGCAAGAGCCTCCTTTAGTCCATATTCTGCAGGACGGCTGCTTCATCTA	B218	1	0.000856898029134533	ANone	0	0.0
D194	ACCGTGACCCAGGACTCCTCCCTGCATTATTAAAGCTGCAGGACGGCTGCTTCATCTA	B219	1	0.000856898029134533	ANone	0	0.0
D195	ACCGTGACCCAGGACTCCTCCCTGCAGCATGCAGGGCGGCTGCTTCATCTA	B220	1	0.000856898029134533	ANone	0	0.0
D196	ACCGTGACCCAGGACTCCTCCCTGCAAGCTGCAGGGCGGCTGCTTCATCTA	B221	1	0.000856898029134533	ANone	0	0.0
D197	ACCGTGACCCAGGACTCCTCCCCGGCTGCGTCATCTA	B222	1	0.000856898029134533	ANone	0	0.0
D198	ACCGTGTCCCAGGACTCCTCCCCGGCTGCTTCATCTA	B223	1	0.000856898029134533	ANone	0	0.0
D199	ACCGTGACCCAGTACTCCTCACTGCAGCGGCTGCTTCATCTA	B224	1	0.000856898029134533	ANone	0	0.0
D200	ACCGTGACCCAGGTCTCCTCCAGCAGGACGGCTGCTTCATCTA	B226	1	0.000856898029134533	ANone	0	0.0
D201	ACCGTGACCCATGACTCGCTTTTTCCATATTACAGCAGGACGGCTGCTTCATCTA	B227	1	0.000856898029134533	ANone	0	0.0
D202	ACCGTGTCCCAGGACTCCTCCCTGCTGCAGGACGGCTGCTTCATCTA	B228	1	0.000856898029134533	ANone	0	0.0
D203	ACCGTGACCCAGGACTCCTCCCTAATTACTGCAGGACGGCTGCTTCATCTA	B229	1	0.000856898029134533	ANone	0	0.0
D204	ACCGTGACCCAGGACTCCTCCACTATTACTGCAGGACGGCTGCTTCATCTA	B230	1	0.000856898029134533	ANone	0	0.0
D205	ACCGAGACCCAGGACTCCTCCCTTATTTATTCCAACTGCAGGACGGCTGCTTCATCTA	B231	1	0.000856898029134533	ANone	0	0.0
D206	ACCGTGACCCAGGACTCCTCCCTGCAGGACGGCTGCTACATCTA	B232	1	0.000856898029134533	ANone	0	0.0
D207	ACCGTGACCCAGGACTCCTCCCTGCAGTAATAGTAAATAAAGACGGAGGCTTCATCTA	B233	1	0.000856898029134533	ANone	0	0.0
D208	ACCGTGACCCAGGACTCCTCCCTGCAGTAATTCTAACTAAGGAAGGAGGCTTCATCTA	B234	1	0.000856898029134533	ANone	0	0.0
D209	ACCGTGACCCAGGACTCCTCCCTGCAAGCTTTAGTCCATATTCTGCAGGACGGCTGCTTCATCTA	B235	1	0.000856898029134533	ANone	0	0.0
D210	ACCGTGACCCAGGACTCCTCCGATTATCATTACATCTGAAGGACGGCTGCTTCATCTA	B236	1	0.000856898029134533	ANone	0	0.0
D211	ACCGTGACCCAGGACTCCTCCCTGCATGGCTGCTTCATCTA	B238	1	0.000856898029134533	ANone	0	0.0
D212	ACCGTGACCCAGGACTCCTTCCTTAAGCTCCATATTATGCAGGAAGGCTGCTACATCTA	B239	1	0.000856898029134533	ANone	0	0.0
D213	ACCGTGACCCAGGACTCCTTCCTTTAAGTCCATATTCTGCAGGACGGCTGCTTCATCTA	B240	1	0.000856898029134533	ANone	0	0.0
D214	ACCGTGACCCGAGACTTTATTTAGGTCCTCCATATTACTGCAGGACGGCTGCTTCATCTA	B241	1	0.000856898029134533	ANone	0	0.0
D215	ACCGTGACCGCTTTCTTTCTTTAAAAGACCTCGTCCATATTACTGCAGGACGGCTGCTTCATCTA	B242	1	0.000856898029134533	ANone	0	0.0
D216	ACCGTGACCCAGTACTCCTCCCTGCAAGGACGGCTGCTTCATCTA	B243	1	0.000856898029134533	ANone	0	0.0
D217	ACCGTGACCCAGGACTCCTCCCTGCTAGCTTTAGTCCATATACTGCAGGACGGCTGCTTCATCTA	B244	1	0.000856898029134533	ANone	0	0.0
D218	ACCGTGACCCATCCTTATGTCCATATTACTGCAGGACGGCTGCTTCATCTA	B245	1	0.000856898029134533	ANone	0	0.0
D219	ACCGTGACCCAGGACTCTATTCTCCTATATTTTTTTCAACTGCAGGACGGCTGCTTCATCTA	B246	1	0.000856898029134533	ANone	0	0.0
D220	TCCGTGACCCAGGAATATTTCCTCTATTATTTCTTCCAACTGCAGGACGGCTGCTTCATCTA	B247	1	0.000856898029134533	ANone	0	0.0
D221	ACCGTGACCCAGGACTCCTCCCTCTGTGTCCATATTCCATATTAACTGCAGGACGGCTGCTTCNTCTA	B248	1	0.000856898029134533	ANone	0	0.0
D222	ACCGTGACCCAGGACTGTTAGTCCTTAGTCCATATCCTCCTATTACTGCAGGACGGCTGCTTCATCTA	B249	1	0.000856898029134533	ANone	0	0.0
D223	ACCGTGACCCAGGACTCCTCCATGCAAAAGCCTCCTTTAGTCCATATTCTGCAGGACGGCTGCTTCATCTA	B250	1	0.000856898029134533	ANone	0	0.0
D224	ACCGTGACCCAGGACTCCTCCCTGTCAAATCCTCCTTTAGTCCATATACTGCAGGACGGCTGCTTCATCTA	B251	1	0.000856898029134533	ANone	0	0.0
D225	ACCGTGACCCAGGACTCCTCCCTGCAGTCTTCATCTACGGCTGCTTCATCTA	B252	1	0.000856898029134533	ANone	0	0.0
D226	ACCGTGACCCAGGACTCCTCCCTGCTTGCTTCATCTACGGCTGCTTCATCTA	B253	1	0.000856898029134533	ANone	0	0.0
D227	ACCGTGACCCAGGACTCCTCCCAGCATCTCCATATTACATATTAGCTGCCGGCCGGCTGCTACATCTA	B254	1	0.000856898029134533	ANone	0	0.0
D228	ACCGTGACCCAGGACTCCTCCCTGTGTGTCCATATTCCATATTAACAGCAGGACGGCTGCTTCATCTA	B255	1	0.000856898029134533	ANone	0	0.0
D229	ACCGTGACCCAGGACGCCTCCTTCATATATATCTACTGCAGGACGGCTGCTTCATCTA	B256	1	0.000856898029134533	ANone	0	0.0
D230	ACCGTGACCCAGGACTCCTGCCTGAATATACTGCAGGACGGCGGCGTCATCAA	B257	1	0.000856898029134533	ANone	0	0.0
D231	ACCGTGACCCAGGTCTCCTCGCTAGATTTACAGCAGGACGGCTGCTTCATCTA	B258	1	0.000856898029134533	ANone	0	0.0
D232	ACCGTGACCCGGGACTCCTCCCTGCAGCAAGCCTCCTTTAGTCCATATTATGCAGGACGGCTGCTTCATCTA	B259	1	0.000856898029134533	ANone	0	0.0
D233	ACCGTGACCCGGGACTCCTCCCTGCAAGAAGCCTCCTTTAGTCCATATTCTGCAGGACGGCTGCTTCATCTA	B260	1	0.000856898029134533	ANone	0	0.0
D234	ACCGTGACCCAGGACTCCTCTGTCCATGTCCATATTATTCTTTAACTGCAGGACGGCTGCTTCATCTA	B261	1	0.000856898029134533	ANone	0	0.0
D235	ACCGTGACCCAGGACTCTTAGTCCATATTACTGCAGGACGGCTGCTTCATCTA	B262	1	0.000856898029134533	ANone	0	0.0
D236	ACCGTGACCCAGGATCCTTAGTCCATATTACTGCAGGACGGCTGCTTCATCTA	B263	1	0.000856898029134533	ANone	0	0.0
D237	ACCGTGACCCTGGCCTTTCTTTAACTCGTCCATATTACTGCAGGACGGCTGCTTCATCTA	B264	1	0.000856898029134533	ANone	0	0.0
D238	ACCGTGACCCAGGACTCCTTAAAGCCATATTACTGCAGGACGGCTGCTTCATCTA	B265	1	0.000856898029134533	ANone	0	0.0
D239	ACCGTGTCCCAGGACTCGCTTTATCCTTATTACTGCAGGACGGCTGCTTCATCTA	B266	1	0.000856898029134533	ANone	0	0.0
D240	ACCGTGACCCTGGACTCCTCCCGCTGTGTCCATATTCCATATTAACTGCAGGACGGCTGCTTCATCTA	B267	1	0.000856898029134533	ANone	0	0.0
D241	ACCGTGACCCATGACTCCCCCCTGCAGGACGGCTGCTTCATCTA	B268	1	0.000856898029134533	ANone	0	0.0
D242	ACCGTGACCCAGGACTCCTCCCTGCAGCTATAAAGGAGGCTGCTTCATCTA	B269	1	0.000856898029134533	ANone	0	0.0
D243	ACCGTGACCCAGGACTCCTCCCTGCAAGTCTAAAGGAGGCTGCTTCATCTA	B270	1	0.000856898029134533	ANone	0	0.0
D244	ACCGTGACCCAGGACTCCTCCCTGCAGGATGCAGGACGGCTGCTTCATCTA	B271	1	0.000856898029134533	ANone	0	0.0
D245	ACCGTGACCCAGGACTCCTCCCTGCAAGGTGCAGGACGGCTGCTTCATCTA	B272	1	0.000856898029134533	ANone	0	0.0
D246	ACCGTGAAAAAGCCTCCTTTTAGCCATATTACTGCAGGACGGCTGCTTCATCTA	B273	1	0.000856898029134533	ANone	0	0.0
D247	ACCGTGAAAAAGCCTCGCTTTATCCATATTACTGCAGGACGGCTGCTTCATCTA	B274	1	0.000856898029134533	ANone	0	0.0
D248	ACCGTGACCCAGGTCTTAGTCCATATTACTGCAGGACGGCTGCTTCATCTA	B275	1	0.000856898029134533	ANone	0	0.0
D249	ACCGTGACCCAGGCTTTAGTCCATATTACTGCAGGACGGCTGCTTCATCTA	B276	1	0.000856898029134533	ANone	0	0.0
D250	ACCGTGACCCAGGACTCCACCCTGCAGCTTTTAGTCCATATTATGCAGGACGGCTGCTTCATCTA	B277	1	0.000856898029134533	ANone	0	0.0
D251	ACCGTGACCCAGGACTCCACCCTGCAAGTTTTAGTCCATATTCTGCAGGACGGCTGCTTCATCTA	B278	1	0.000856898029134533	ANone	0	0.0
D252	ACCGTGACCCAGGACTCCTCCCTGCAGTGCAGGACTGCTGCTTCATCTA	B279	1	0.000856898029134533	ANone	0	0.0
D253	ACCGTGACCCAGGACTCCTCCCTGCACCCTTTAGTCCATATTATGCAGGACGGCTGCTTCATCTA	B280	1	0.000856898029134533	ANone	0	0.0
D254	ACCGTGACCCAGGACTCCTCCCTGCAGCTAATCCATATTATGCAGGACGGCTGCTTCATCTA	B281	1	0.000856898029134533	ANone	0	0.0
D255	ACCGTGACCCAGGACTCCTCCCTGCAAGTAATCCATATTCTGCAGGACGGCTGCTTCATCTA	B282	1	0.000856898029134533	ANone	0	0.0
D256	ACCGTGACCCAGGACTCCTCCCTCCATCTCCATATTACATATTAGCTGCCGGACGGCTGCTTCATCTA	B283	1	0.000856898029134533	ANone	0	0.0
D257	ACCGTGACCCAGGACTCCTCCCTCTGTGTCCATATTCCATATTAACTGCCGGACGGCTGCTTCATCTA	B284	1	0.000856898029134533	ANone	0	0.0
D258	ACCGTGACCCAGGACTCCTTCTAGCCATATTACTGCAGGACGGCTGCTTCATCTA	B285	1	0.000856898029134533	ANone	0	0.0
D259	ACCGTGACCCTGGACTCCTCCCTGCAATATACGCAGGACGGCTGCTTCATCTA	B286	1	0.000856898029134533	ANone	0	0.0
D260	ACCGTGACCCAGGACTCCTCCCTGCTAGTTAGTCCATATACTGCAGGACGGCTGCTTCATCTA	B287	1	0.000856898029134533	ANone	0	0.0
D261	ACCGTGACCCAGGACTCCTCCCTTGCACCTTTAGTCCAATTACTGCAGGACGGCTGCTTCATCTA	B288	1	0.000856898029134533	ANone	0	0.0
D262	ACCGTGACCCAGGACTCCTCCCTGCAGCCATGCAGGACGGCTGCTTCATCTA	B289	1	0.000856898029134533	ANone	0	0.0
D263	ACCGTGACCCAGGACTCCTCCCTGCAAGCCTGCAGGACGGCTGCTTCATCTA	B290	1	0.000856898029134533	ANone	0	0.0
D264	TCCGTGTCCCAGGCCTCGCTTTATCCTTATTACTGCAGGACGGCTGCTTCATCTA	B291	1	0.000856898029134533	ANone	0	0.0
D265	ACCGAGACCCAGGACTCCTCCCTCCAATATTCTGCAGGACGGCTGCTTCATCTA	B292	1	0.000856898029134533	ANone	0	0.0
D266	ACCGTGACCCAGGACTCCTCCCTGCAGCATTATGCAGGACGGATGAGTAATCTA	B293	1	0.000856898029134533	ANone	0	0.0
D267	ACCGTGACCCAGGTCTCCTCCCTGCAAGATTCTGCAGGACGGCTGCTTCATCTA	B294	1	0.000856898029134533	ANone	0	0.0
D268	ACCGTGACCCAGGACTCCTAGCCTCCTTTAGCCATATTACTGCAGGACGGCTGCTTCATCTA	B295	1	0.000856898029134533	ANone	0	0.0
D269	ACCTTGACCCAGGACTCCTCCCTGCCTGCAGGACGGCTGCTTCATCTA	B296	1	0.000856898029134533	ANone	0	0.0
D270	ACCGTGACCCAGGACTCCTCCCTGCAGCGCTCCTTTAGTCCATATTATGCAGGACGGCTGCTTCATCTA	B297	1	0.000856898029134533	ANone	0	0.0
D271	ACCGTGACCCAGGACTCCTCCCTGCAAGGCTCCTTTAGTCCATATTCTGCAGGACGGCTGCTTCATCTA	B298	1	0.000856898029134533	ANone	0	0.0
D272	ACCGTGACCCAGGACTCCTCCCTAATTACTGCAGGACGGCTGCTTCGTCTA	B299	1	0.000856898029134533	ANone	0	0.0
D273	ACCGTGACCCAGGACTCCTCCACTATTACTGCAGGACGGCTGCTTCGTCTA	B300	1	0.000856898029134533	ANone	0	0.0
D274	ACCGTGACCCAGGACTCCTCCCTGCAGCTGTCCATATTATGCAGGACGGCTGCTTCATCTA	B301	1	0.000856898029134533	ANone	0	0.0
D275	ACCGTGACCCAGGACTCCTCCCTGCAAGTGTCCATATTCTGCAGGACGGCTGCTTCATCTA	B302	1	0.000856898029134533	ANone	0	0.0
D276	ACCGTGACCCAGCCCTTTAGTCCATATTACTGCAGGACGGCTGCTTCATCTA	B303	1	0.000856898029134533	ANone	0	0.0
D277	ACCGTGACCCAGCCTCTTAGTCCATATTACTGCAGGACGGCTGCTTCATCTA	B304	1	0.000856898029134533	ANone	0	0.0
D278	ACCGTGACCCAGCCTCCTTTAGTCCTATATACTGCAGGACGGCTGCTTCATCTA	B305	1	0.000856898029134533	ANone	0	0.0
D279	ACCGTGACCCAGGACTCCTCCCAGCATCTCCATATTACATATTAGCTGCAGGACGGCTGCTTCATCTA	B306	1	0.000856898029134533	ANone	0	0.0
D280	ACCGTGACCCAGGACTCCTCCCAGTGTGTCCATATTCCATATTAACTGCAGGACGGCTGCTTCATCTA	B307	1	0.000856898029134533	ANone	0	0.0
D281	ACCGTGACCCAGGACTCCTCCCCGCAGCCCTTTAGTCCATATTATGCAGGACGGCTGCTTCATCTA	B308	1	0.000856898029134533	ANone	0	0.0
D282	ACCGTGACCCAGGACTCCTCCCCGCAAGCCTTTAGTCCATATTCTGCAGGACGGCTGCTTCATCTA	B309	1	0.000856898029134533	ANone	0	0.0
D283	ACCGTGACCCAGGACTCCTCCCTGCTTGCAGGACGGCTGCTTCATCTA	B310	1	0.000856898029134533	ANone	0	0.0
D284	ACCGTGTCCCAGGACTCCTCCCTGCTTGCAGGATGGCTGCTTCATCTA	B311	1	0.000856898029134533	ANone	0	0.0
D285	ACCGTGACCCAGGACTCCTAGCCATATTACTGCAGGACGGCTGCTTCCTCTA	B312	1	0.000856898029134533	ANone	0	0.0
D286	ACCGTGACCCAGGACTCGCATCCATATTACTGCAGGACGGATGCTTCATCTT	B313	1	0.000856898029134533	ANone	0	0.0
D287	ACCGTGACCCAGGACTCCTCCCAGCATCTCCATATTACATATTAGCTGCCGGACGGCTGCTTCATCTA	B314	1	0.000856898029134533	ANone	0	0.0
D288	ACCGTGACCCAGGACTCCTCCCTTTTAGTCCATAGTCCATTATTACTGCAGGACGGCTGCTTCATCTA	B315	1	0.000856898029134533	ANone	0	0.0
D289	ACCGTGACCCAGGACTCCTCCCTGCAGCTATTATTCAGGACGGCTGCTTCATCTA	B316	1	0.000856898029134533	ANone	0	0.0
D290	ACCGTGACCCAGGACTCCTCCCTGCAAGTATTCTTCAGGACGGCTGCTTCATCTA	B317	1	0.000856898029134533	ANone	0	0.0
D291	ACCGGGACCCAGGACTCCTCCCTGCATCTTAGTCCATATTATGCAGGACGGCTGCTTCATCTA	B318	1	0.000856898029134533	ANone	0	0.0
D292	ACCGTGACCCAGGACTCCTCCCTCTGTGTCCATATTCCATATTAACTGCAGTACGGCTGCTTCATCTA	B319	1	0.000856898029134533	ANone	0	0.0
D293	ACCGTGACCCAGGACTCCTCCCTGCAACAGCCTCCTTTAGTCCATATTATGCAGGACGGCTGCTTCATCTA	B320	1	0.000856898029134533	ANone	0	0.0
D294	ACCGTGTCCCAGGACTCCTCCAGGACGGCTGCTTCATCTA	B321	1	0.000856898029134533	ANone	0	0.0
D295	ACCGTGACCCAGGAGTCCTCCCTGCTGCAGGACGGCTGCTTCATCTA	B322	1	0.000856898029134533	ANone	0	0.0
D296	ACCGTGACCCAGGACTCCTCCCTGAAGCCCTCCTTTAGTCCATATTATGCAGGACGGCTGCTTCATCTA	B323	1	0.000856898029134533	ANone	0	0.0
D297	ACCGTGACCCAGGACTCCTCCCTGAAAGCCTCCTTTAGTCCATATTCTGCAGGACGGCTGCTTCATCTA	B324	1	0.000856898029134533	ANone	0	0.0
D298	ACCGTGACCCAGGACTCCTCCCCATAATTCTGCAGGACGGCTGGGTCATCTT	B325	1	0.000856898029134533	ANone	0	0.0
D299	ACCGTCTCCCAGGACTCCTCCCCATAATTCTGCAGGACGGCTGCTTCATCTA	B326	1	0.000856898029134533	ANone	0	0.0
D300	ACCGTGACCCAGGCCTCCTTTTAGCCATATTACTGCAGGACGGCTGCTGCATCTA	B327	1	0.000856898029134533	ANone	0	0.0
D301	ACCGTGACCCAGGCCTCGCTTTATCCATATTACTGCAGGACGGCTGCTTCATCTA	B328	1	0.000856898029134533	ANone	0	0.0
D302	ACCGTGACCCAGGGCTCCTCCCTGCAGCTCCATATTATGCAGGACGGCTGCTTCATCTA	B329	1	0.000856898029134533	ANone	0	0.0
D303	ACCGTGACCCAGGGCTCCTCCCTGCAAGTCCATATTCTGCAGGACGGCTGCTTCATCTA	B330	1	0.000856898029134533	ANone	0	0.0
D304	ACCGTGACCCAGGACTCGCTCTTTATCCATATTACTGCAGGACGGCTGCTTCATCTA	B331	1	0.000856898029134533	ANone	0	0.0
D305	ACCGTGACTCAGGACTCCTCCCCTGCAGGACGGCTGCTTCATCTA	B332	1	0.000856898029134533	ANone	0	0.0
D306	ACCGTGACCCAGGACTCCTCCCAGCATGCAGGACGGCTGCTTCATCTA	B333	1	0.000856898029134533	ANone	0	0.0
D307	ACCGTGACCCATGACTCCTACCTGCAGGGCTGCTTCATCTA	B334	1	0.000856898029134533	ANone	0	0.0
D308	ACCGTGACCCAGGACTCCTCCCTGCAGCAAAGGTCGACTCTAGTCCATATTATGCAGGACGGCTGCTTCATCTA	B335	1	0.000856898029134533	ANone	0	0.0
D309	ACCGTGACCCAGGACTCCTCCCTGCAAGAAAGGTCGACTCTAGTCCATATTCTGCAGGACGGCTGCTTCATCTA	B336	1	0.000856898029134533	ANone	0	0.0
D310	ACCGTGACCCAGGACCCGTTTATCCATATTACTGCAGGACGGCTGCTTCATCTA	B337	1	0.000856898029134533	ANone	0	0.0
D311	ACCGTGACCCAGGACTCCTCCCTGAAGCTCACCATTAGTCCATATTAAGCAGGACGGCTGCTTCATCTA	B338	1	0.000856898029134533	ANone	0	0.0
D312	ACCGTGACCCTTGACTCCTCCCTGAAAGCCTCCTTTAGTCCATATTATGCAGGACGGCTGCTTCATCTA	B339	1	0.000856898029134533	ANone	0	0.0
D313	ACCGTGACCCAGGACTCCTCCCTAGATTTACTGCAGGACGGCTGCTTCATCTA	B340	1	0.000856898029134533	ANone	0	0.0
D314	ACCGAGACCCAGTGTCCATATTACTGCAGGACGGCTGCTTCATCTA	B341	1	0.000856898029134533	ANone	0	0.0
D315	ACCGTGACCCAGGACTCCTCCCTGCAGCAGGAGGCTGCTTCATCTA	B342	1	0.000856898029134533	ANone	0	0.0
D316	ACCGTGACCCTGGACTCCTCCCTGCAGCAGGAGGCTGCTTCATCTA	B343	1	0.000856898029134533	ANone	0	0.0
D317	ACCGTGACCCAGGACTCCGCCTCCATATTCCATATTATACTTTAGCTGCAGGACGGCTGCTTCATCTA	B344	1	0.000856898029134533	ANone	0	0.0
D318	ACCGTGACCCAGGACTCCGTGTCCATAGTCCATATTTTCCTTTAACTGCAGGACGGCTGCTTCATCTA	B345	1	0.000856898029134533	ANone	0	0.0
D319	ACCGTGACCCAGACCTTTCTTTAACTCGTCCATATTACTGCAGGACGGCTGCTTCATCTA	B346	1	0.000856898029134533	ANone	0	0.0
D320	ACCGTGACCCAGGACTCCTCCCTGCAGCCATTAGTCCAAATTATGAAGGACGGCTGCTACATCTA	B347	1	0.000856898029134533	ANone	0	0.0
D321	ACCGTGACCCATGACTCCTCCCTGCAAGCTTTAGTCCATATTCTGCAGGACGGCTGCTTCATCTA	B348	1	0.000856898029134533	ANone	0	0.0
D322	ACCGGGACCCAGGACTCCTCCCTGCAATTTAGTCCATATTCTGCAGGACGGCTGCTTCATCTA	B349	1	0.000856898029134533	ANone	0	0.0
D323	ACCGTGACCCAGGACTCCTCCCTGCAGCTACATATTATGCAGGACGGCTGCTTCATCTA	B350	1	0.000856898029134533	ANone	0	0.0
D324	ACCGTGACCCAGGACTCCTCCCTGCTATTCCATATACAGCAGGACGGCTGCTTCATCTA	B351	1	0.000856898029134533	ANone	0	0.0
D325	ACCGTGACCCAGGACTCCTCCCTGCAGCCGGCTGCTTCATCTA	B352	1	0.000856898029134533	ANone	0	0.0
D326	TCCGTGACCCAGGACTCCTCCCTGCAGCCGGCTGCTTCATCTA	B353	1	0.000856898029134533	ANone	0	0.0
D327	ACCGTGACCCAGGACTCCTCCCTGCATCTCCATATTACATATTAGCTGCAGGACGGCTGCTACATCTA	B354	1	0.000856898029134533	ANone	0	0.0
D328	ACCGTGACCCAGGACTCCTCCCTGCAGGCTGCAGGACGGCTGCTTCATCTA	B355	1	0.000856898029134533	ANone	0	0.0
D329	ACCGTGACCCAGGACTCCTCCCTGCGAGCTGCAGGACGGCTGCTTCATCTA	B356	1	0.000856898029134533	ANone	0	0.0
D330	ACCGTGACCCAGGACGCCTCCGATATATATTCCTACTGCAGGACGGCTGCTTCATCTA	B357	1	0.000856898029134533	ANone	0	0.0
D331	ACCGTGACCCAGGACTCCTCCCAGAAGCTCTGCAGGACGGCGGCTACATCTA	B358	1	0.000856898029134533	ANone	0	0.0
D332	ACCGTGACCCAGGACTCCTCCCTGCATGCAGGACGGCTGCTTCATATA	B359	1	0.000856898029134533	ANone	0	0.0
D333	ACCGTGACCCTGGACTCCTCCCTTCATGCAGGACGGCTGCTTCATCTA	B360	1	0.000856898029134533	ANone	0	0.0
D334	ACCGTGACCCAGGACTCCTCCCTGCAAGAGTCCATATTCTGCAGGACGGCTGCTTCATCTA	B361	1	0.000856898029134533	ANone	0	0.0
D335	ACCGTGACCCAAAAAGCCTCCGAATATCAATACATCTGCAGGACGGCGGCTTCATCTA	B362	1	0.000856898029134533	ANone	0	0.0
D336	ACCGTGACCCAAAAAGCCTCAATATGATATTCCTACTGCAGGACGGCTGCTTCATCTA	B363	1	0.000856898029134533	ANone	0	0.0
D337	ACCGTGACCCAGGACTCCTCCCTGCATGCATGACCGCTGCTTCATCTA	B364	1	0.000856898029134533	ANone	0	0.0
D338	ACCGTGACCCAGGACTCCTCCCTGCATGCATGACGGCTGCTTCATCTA	B365	1	0.000856898029134533	ANone	0	0.0
D339	ACCGTGACCCAGGACTACTTTGTCCATATTACTGCAGGACGGCTGCTTCATCTA	B366	1	0.000856898029134533	ANone	0	0.0
D340	ACCGTGACCCAGGACTCCTCCCTGCAGCGAGCCTCCTTTAGTCCATATTATGCAGGACGGCTGCTTCATCTA	B367	1	0.000856898029134533	ANone	0	0.0
D341	ACCGTGACCCAGGACTCCTCCCTGCAAGGAGCCTCCTTTAGTCCATATTCTGCAGGACGGCTGCTTCATCTA	B368	1	0.000856898029134533	ANone	0	0.0
D342	ACCGTGACCCAGGACTCCTCCCTGCAATATTCTGCAGGACGGCTGCTTCATCTA	B369	1	0.000856898029134533	ANone	0	0.0
D343	ACCGTGACCCAGGACTCCTCCCTGCTATATACTGCAGGACGGCTGCTTCATCTA	B370	1	0.000856898029134533	ANone	0	0.0
D344	ACCGTGACCCAGGACTCCTCCCTGCAGCTCCATATTATGCAGGACGGCTGCTTCAACTA	B371	1	0.000856898029134533	ANone	0	0.0
D345	ACCGTGACCCAGGACTCCTCCCTGCAGCATATGCAGGACGGCTGCTTCATCTA	B372	1	0.000856898029134533	ANone	0	0.0
D346	ACCGTGACCCAGGACTCCTCCCTGCAAGATCTGCAGGACGGCTGCTTCATCTA	B373	1	0.000856898029134533	ANone	0	0.0
D347	ACCGTGACCCAGGACTCCTATATTATTTATTCCAACTGCAGGACGGCTGCTTCATCTA	B374	1	0.000856898029134533	ANone	0	0.0
D348	ACCGTGACCCAGTACTCGCTTTATCCATATTACTGCAGGACGGCTGCTTCATCTA	B375	1	0.000856898029134533	ANone	0	0.0
D349	ACCGTGACCCAGGACTCCTCCCCGCATCTCCATATTACATATTAGCTGCAGGACGGCTGCTTCATCTA	B376	1	0.000856898029134533	ANone	0	0.0
D350	ACCGTGACCCAGGACTCCTCCCCGTGTGTCCATATTCCATATTAACTGCAGGACGGCTGCTTCATCTA	B377	1	0.000856898029134533	ANone	0	0.0
D351	ACCGTGACCCAGGTCTCCTCCCTGCCTGCAGGACGGCTGCTTCATCTA	B378	1	0.000856898029134533	ANone	0	0.0
D352	ACCGTGACCCAGGACTCCTCCCTGTAGCATATTATGCAGGACGGCTGCTTCATCTA	B379	1	0.000856898029134533	ANone	0	0.0
D353	ACCGTGACCCACGACTCCTCCCTGTTAGATATTCTGCAGGACGGCTGCTTCATCTA	B380	1	0.000856898029134533	ANone	0	0.0
D354	ACCGAGACCCAGGACTCCTCCCTGCAGCTAGTCCATATTATGCAGGACGGCTGCTTCATCTA	B381	1	0.000856898029134533	ANone	0	0.0
D355	ACCGTGACCCAGGACTCCTCCCTGCTTACTGCAGGACGGCTGCTTCATCTA	B382	1	0.000856898029134533	ANone	0	0.0
D356	ACCGTGACCCATCCTTTTAGCCATATTACTGCAGGACGGCTGCTTCATCTA	B383	1	0.000856898029134533	ANone	0	0.0
D357	ACCGTGACCCAGGACTCCTCCCTGCAATTAGTCCACATTCTGCAGGACGGCTGCTTCATCTA	B384	1	0.000856898029134533	ANone	0	0.0
D358	ACCGTGACCCAGGACTCCTCCCTGCTATTAGTCCACATACTGCAGGACGGCTGCTTCATCTA	B385	1	0.000856898029134533	ANone	0	0.0
D359	ACCGTGACCCAGGACTCCTCCCTGCAGAGGACGGCTGCTNCATCTA	B386	1	0.000856898029134533	ANone	0	0.0
D360	ACCGTGACCCAGGACTCCTCCATTCTATATTTTAACTGCAGGACGGCTGCTTCATCTA	B387	1	0.000856898029134533	ANone	0	0.0
D361	ACCGTGACCCAGGACTCATCCCTGCAGGCTGCAGGACGGCTGCTTCATCTA	B388	1	0.000856898029134533	ANone	0	0.0
D362	ACCGTGACCCAGGACTCATCCCTGCGAGCTGCAGGACGGCTGCTTCATCTA	B389	1	0.000856898029134533	ANone	0	0.0
D363	ACCGAGACCCAGGACTCCTCCCTGCAGTGCTTCATCTA	B390	1	0.000856898029134533	ANone	0	0.0
D364	ACCGTGACCCAGGTAGTACATATTACTGCAGGACGGCTGCTTCATCTA	B391	1	0.000856898029134533	ANone	0	0.0
D365	ACCGTGACCCAGGTAGTTCATATTACTGCAGGACGGCTGCTTCATCTA	B392	1	0.000856898029134533	ANone	0	0.0
D366	ACCGTGACCCAGGACTTTTTTTAGAGCCTCCATATTACTGCAGGACGGCTGCTTCATCTA	B393	1	0.000856898029134533	ANone	0	0.0
D367	ACCGTGACCCAGGACTCCTCCCTGCAAATATTCTGCAGGACGGCTGCTTCATCTA	B396	1	0.000856898029134533	ANone	0	0.0
D368	ACCGTGACCCAGGACTCCTCCCTGCTAATATACTGCAGGACGGCTGCTTCATCTA	B397	1	0.000856898029134533	ANone	0	0.0
D369	ACCGTGACCCAGGACTCCTAAAGCCTCCTTTAGCCATATTACTGCAGGACGGCTGCTTCATCTA	B398	1	0.000856898029134533	ANone	0	0.0
D370	ACCGTGACCCAGTTCTCCTCCCTGCTGACGGCTGCTTCATCTA	B399	1	0.000856898029134533	ANone	0	0.0
D371	ACCGTGACCCAGGACTCCTCCCTGCAGCGGTCCATATTATGCAGGACGGCTGCTTCATCTA	B400	1	0.000856898029134533	ANone	0	0.0
D372	ACCGTGACCCAGGACTCCTCCCTGCAAGGGTCCATATTCTGCAGGACGGCTGCTTCATCTA	B401	1	0.000856898029134533	ANone	0	0.0
D373	ACCGTGACCCAGGACTCTATTCTATTTTATTCCGTCCAACTGCAGGACGGCTGCTTCATCTA	B402	1	0.000856898029134533	ANone	0	0.0
D374	ACCGGGACCCAGGTCTCCTCCCTTCAGCATCTAAAGCAGGACGGCTGCTTCATCTA	B403	1	0.000856898029134533	ANone	0	0.0
D375	ACCGTGACAAAAGCCTCCTTTTAGCCATATTACTGCAGGACGGCTGCTTCATCTA	B404	1	0.000856898029134533	ANone	0	0.0
D376	ACCGTGACAAAAGCCTCGCTTTATCCATATTACTGCAGGACGGCTGCTTCATCTA	B405	1	0.000856898029134533	ANone	0	0.0
D377	ACCGTGACCCAGGACTCCTCCCTGCTGTTCATCTA	B407	1	0.000856898029134533	ANone	0	0.0
D378	ACCGTGACCCAGGACTCCTCCCTGCATCTAGTCCATATTAAGCAGGACGGCTGCTTCATCTA	B408	1	0.000856898029134533	ANone	0	0.0
D379	ACCGTGACCCTGGACTCCTCCCTGCTATTAGTCCATATACAGCAGGACGGCTGCTTCATCTA	B409	1	0.000856898029134533	ANone	0	0.0
D380	ACCGTGACCCAGGACTCCTCCATGACGGCTGCTTCATCTA	B410	1	0.000856898029134533	ANone	0	0.0
D381	ACCGTGACCCAGGACTCCTCCCTGCAAGACTTAGGACGGCTGCTTCATCTA	B411	1	0.000856898029134533	ANone	0	0.0
D382	ACCGTGACCCAGGACTCCTCCCTGCAGCTTTTAGTCCATATTATGCAGGACGGCTGCTTCATCTA	B412	1	0.000856898029134533	ANone	0	0.0
D383	ACCGTGACCCAGGACTCCTCCCTGCAAGTTTTAGTCCATATTCTGCAGGACGGCTGCTTCATCTA	B413	1	0.000856898029134533	ANone	0	0.0
D384	ACCGTGACCCAGGCCTTTCTTTTTCTCGTCCATATTACTGCAGGACGGCTGCTTCATCTA	B414	1	0.000856898029134533	ANone	0	0.0
D385	ACCGTGACCCAGGACTCCTCCCTGCAAGCAGGACGGCAGCTTCATCGA	B415	1	0.000856898029134533	ANone	0	0.0
D386	ACCGTGACCCATGACTCCTCCCTGCAAGCAGGACGGCTGCTTCATCTA	B416	1	0.000856898029134533	ANone	0	0.0
D387	ACCGTGACCCAGGACTCCTCCCTGCACTGCTTCATCTA	B417	1	0.000856898029134533	ANone	0	0.0
D388	ACCGTGACCCAGGACTCCTCCCTGCATCTCTATATTATATATTAGCTGCAGGACGGCTGCTTCATCTA	B418	1	0.000856898029134533	ANone	0	0.0
D389	ACCGTGACCCAGGACTCCTCCCTGTGTGTCTATATTCTATATTAACTGCAGGACGGCTGCTTCATCTA	B419	1	0.000856898029134533	ANone	0	0.0
D390	ACCGTGACCCAGGACTCCTCCCTGCTACCATATACTGCAGGACGGCTGCTTCATCTA	B420	1	0.000856898029134533	ANone	0	0.0
D391	ACCGTGACCCAGGACTCCTCCCTGCAGCTATTTATCCACTCCTCCTGCAGGACGGCTGCTTCATCTA	B421	1	0.000856898029134533	ANone	0	0.0
D392	ACCGTGACCCAGGACTCCTCCCTGCACGTATTTATCCACTCCTCCTGCAGGACGGCTGCTTCATCTA	B422	1	0.000856898029134533	ANone	0	0.0
D393	ACCGTGACCCAGGACTCCTCCCTGCTATCCTTTAGTCCATATACTGCAGGACGGCTGCTTCATCTA	B423	1	0.000856898029134533	ANone	0	0.0
D394	ACCGTGACCCAGGACCCTTTAGTCCTATATACTGCAGGACGGCTGCTTCATCTA	B424	1	0.000856898029134533	ANone	0	0.0
D395	ACCGTGAGAAAAGCCTCCTTATAGCCATATTACTGCAGGACGGCTGCTTCATCTA	B425	1	0.000856898029134533	ANone	0	0.0
D396	ACCGTGAGAAAAGCCTCGCTTTATCCATATTACTGCAGGACGGCTGCTTCATCTA	B426	1	0.000856898029134533	ANone	0	0.0
D397	ACCGTGACCCAGGACTCCTCCCTGCAGCTTCCTTTAGTCCATATTATGCAGGACGGCTGCTTCATCTA	B427	1	0.000856898029134533	ANone	0	0.0
D398	ACCGTGACCCAGGACTCCTCCCTGCAAGTTCCTTTAGTCCATATTCTGCAGGACGGCTGCTTCATCTA	B428	1	0.000856898029134533	ANone	0	0.0
D399	ACCGTGACCCACCATATTACTGCAGGAAGGCTGCTTCATCTA	B429	1	0.000856898029134533	ANone	0	0.0
D400	ACCGTGACCCAGGACTCCTCCCTTTAGCTCCATACTATGCAGGACGGCTGCTTCATCTA	B430	1	0.000856898029134533	ANone	0	0.0
D401	ACCGTGACCCAGGACTCCTCCCTTTAAGTCCATACTCTGCAGGACGGCTGCTTCATCTA	B431	1	0.000856898029134533	ANone	0	0.0
D402	ACCGTGACCCAGGACTCCTCCATATTACTGCAGGACGGCTGCGTCATCTA	B432	1	0.000856898029134533	ANone	0	0.0
D403	ACCGTGACCCAGGACTCCTCCCTGCAGCAAAGCCTCCTTTAGTCCATATTATGCAGGACGGCTGCTTCATCTA	B433	1	0.000856898029134533	ANone	0	0.0
D404	ACCGTGACCCAGGACTCCTCCCTGCAAGAAAGCCTCCTTTAGTCCATATTCTGCAGGACGGCTGCTTCATCTA	B434	1	0.000856898029134533	ANone	0	0.0
D405	ACCGTGACCCAGGACTCCTCCCTGCAACATATTCTGCAGGACGGCTGCTTCATCTA	B435	1	0.000856898029134533	ANone	0	0.0
D406	ACCGTGACCCAGGACTCCTCCCTGCTACATATACTGCAGGACGGCTGCTTCATCTA	B436	1	0.000856898029134533	ANone	0	0.0
D407	ACCGTGACCCAGGACTCCTCCCTGCAGATATACGGCTGCTTCATCTA	B437	1	0.000856898029134533	ANone	0	0.0
D408	ACCGTGACCCAGGACTCCTCCCTGAAGATATACGGCTGCTTCATCTA	B438	1	0.000856898029134533	ANone	0	0.0
D409	ACCGTGACCCAGGACTCCTTCGCCATATTACTGCAGGACGACTGCTTCATCTA	B439	1	0.000856898029134533	ANone	0	0.0
D410	ACCGTGACCCAGGACTCGCTCTCCATATTACTGCAGGACGACTGCTTCATCTA	B440	1	0.000856898029134533	ANone	0	0.0
D411	ACCGTGACCCAGGACTCCTTCGCCATATTACTGCAGGACGGCTGCTTCATCTA	B441	1	0.000856898029134533	ANone	0	0.0
D412	ACCGTGAACCAGGACTCCTCCCTGCAGCTCCTTTAGTCCATATTATGCAGGACGGCTGCTTCATCTA	B442	1	0.000856898029134533	ANone	0	0.0
D413	ACCGTGACCCAGGACTCCTCCCTGCAACTCCTTTAGTCCATATTCTGCAGGGCGGCTGCTTCATCTA	B443	1	0.000856898029134533	ANone	0	0.0
D414	ACCGTGACCCAGGACTCCTCCCTGCTACTCCTTTAGTCCATATACTGCAGGGCGGCTGCTTCATCTA	B444	1	0.000856898029134533	ANone	0	0.0
D415	ACCGTGACCCAGGACTCCTTCCTTTAGCCATATTACTGCAGGACGGCTGCTTCATCTA	B445	1	0.000856898029134533	ANone	0	0.0
D416	ACCGTGACCCAGGACTCCTCCTTCTATTATTTCAACTGCAGGACGGCTGCTTCATCTA	B446	1	0.000856898029134533	ANone	0	0.0
