Sequence	Count	Frequency
ACCGTGACCCAGGACTCCTCC------CTGCAGGACGGCTGCTTCATCTA	102	0.08740359897172237
ACCGTGACCCAGGACTCCTCCCTGCAG-----GGACGGCTGCTTCATCTA	16	0.013710368466152529
ACCGTGACCCAGGACTCCTCCCTGCA----GAGGACGGCTGCTTCATCTA	15	0.012853470437017995
ACCGTGACCCAGGACTCCTCCCTGCA--TGCAGGACGGCTGCTTCATCTA	15	0.012853470437017995
ACCGTGACCCAGGACTCCTCCCTGCA--------GCGGCTGCTTCATCTA	14	0.011996572407883462
ACCGTGACCCAGGACTCCTCCCTGTGTGTCCATATTCCATATTAACTGCAGGACGGCTGCTTCATCTA	13	0.011139674378748929
ACCGTGACCCAGGACTCCTCCCTGCAAGTCCATATTCTGCAGGACGGCTGCTTCATCTA	13	0.011139674378748929
ACCGTGACCCAGGACTCCTC---------CCAGGACGGCTGCTTCATCTA	12	0.010282776349614395
ACCGTGACCCAGGACTCCTCCCTGCA---GCAGGACGGCTGCTTCATCTA	12	0.010282776349614395
ACCGTGACCCAGGACTCCTCCCTGCAGCTCCATATTATGCAGGACGGCTGCTTCATCTA	12	0.010282776349614395
ACCGTGACCCTCCTTTAGTCCATATTACTGCAGGACGGCTGCTTCATCTA	12	0.010282776349614395
ACCGTGACCCAGGACTCCTCCCTTATTTATTCCAACTGCAGGACGGCTGCTTCATCTA	11	0.009425878320479864
ACCGTGACCCAGGACTCCTCCCTGCATCTCCATATTACATATTAGCTGCAGGACGGCTGCTTCATCTA	11	0.009425878320479864
ACCGTGACCCAGGACTCCTCCCTGCAGCTATTATGCAGGACGGCTGCTTCATCTA	11	0.009425878320479864
ACCGTGACCCAGGACTCCTCCCTGCAAGTATTCTGCAGGACGGCTGCTTCATCTA	11	0.009425878320479864
ACCGTGACCCAGGACTCCTTTTAGCCATATTACTGCAGGACGGCTGCTTCATCTA	10	0.00856898029134533
ACCGTGACCCAGGACTCCT---CCCTGCTGCAGGACGGCTGCTTCATCTA	9	0.007712082262210797
ACCGTGACCCAGGACTCCTCCCTGCA-GTGCAGGACGGCTGCTTCATCTA	9	0.007712082262210797
ACCGTGACCCAGGACTCCTCCCTGCA----------GGCTGCTTCATCTA	9	0.007712082262210797
ACCGTGACCCAGGACTCCTCCCTGCA---------GGGCTGCTTCATCTA	9	0.007712082262210797
ACCGTGACCCAGGACTCCTCCCTGCAGCTTAGTCCATATTATGCAGGACGGCTGCTTCATCTA	9	0.007712082262210797
ACCGTGACCCAGGACTCCTC----------CAGGACGGCTGCTTCATCTA	8	0.006855184233076264
ACCGTGACCCAGGACTCCTCCCTGCA--------------GCTTCATCTA	8	0.006855184233076264
ACCGTGACCCAGGACTCCTCCCTGCAG------------TGCTTCATCTA	8	0.006855184233076264
ACCGTGACCCAGGACTCCTCCTCCATATTCCATATTATACTTTAGCTGCAGGACGGCTGCTTCATCTA	8	0.006855184233076264
ACCGTGACCCAGGACTCGCTTTATCCATATTACTGCAGGACGGCTGCTTCATCTA	8	0.006855184233076264
ACCGTGACCCAGGACTCCTCCCTGCAAGTTAGTCCATATTCTGCAGGACGGCTGCTTCATCTA	8	0.006855184233076264
ACCGTGACCCAGGACTCCTCCCTGCAGCCCTTTAGTCCATATTATGCAGGACGGCTGCTTCATCTA	8	0.006855184233076264
ACCGTGACCCAGGACTCCTCCCTGCAAGCCTTTAGTCCATATTCTGCAGGACGGCTGCTTCATCTA	8	0.006855184233076264
ACCGTGACCCAGGACTCCTCCCTGCAAGTAGTCCATATTCTGCAGGACGGCTGCTTCATCTA	7	0.005998286203941731
ACCGTGACCCAGGACTCCTCCCTGCAACTTTAGTCCATATTCTGCAGGACGGCTGCTTCATCTA	7	0.005998286203941731
ACCGTGACCCAGGACTCCTCCCTGCTACTTTAGTCCATATACTGCAGGACGGCTGCTTCATCTA	7	0.005998286203941731
ACCGTGACCCAGGACTCCTCCCTGCA-------GACGGCTGCTTCATCTA	6	0.005141388174807198
ACCGTGACCCAGGACTCCTCCCTG-----------CGGCTGCTTCATCTA	6	0.005141388174807198
ACCGTGACCCAGGACTCCTTGTCCATAGTCCATATTTTCCTTTAACTGCAGGACGGCTGCTTCATCTA	6	0.005141388174807198
ACCGTGACCCAGGACTCCTCCCTGCAGCCATATTATGCAGGACGGCTGCTTCATCTA	6	0.005141388174807198
ACCGTGACCCAGGACTCCTCCCTGCAAGCATATTCTGCAGGACGGCTGCTTCATCTA	6	0.005141388174807198
ACCGTGACCCAGGACTCCTCCCTCCATCTCCATATTACATATTAGCTGCAGGACGGCTGCTTCATCTA	6	0.005141388174807198
ACCGTGACCCAGGACTCCTCCCTGCAGCTAGTCCATATTATGCAGGACGGCTGCTTCATCTA	6	0.005141388174807198
ACCGTGACCCAGGACTTTATTTAGGTCCTCCATATTACTGCAGGACGGCTGCTTCATCTA	6	0.005141388174807198
ACCGTGACCCAACTTTAGCTTTACCTCGTCCATATTACTGCAGGACGGCTGCTTCATCTA	6	0.005141388174807198
ACCGTGACCCAGGTTTAGCTTTAGCTCCTCCATATTACTGCAGGACGGCTGCTTCATCTA	6	0.005141388174807198
ACCGTGACCCAGGACTCCTCCCTGCA-----------GCTGCTTCATCTA	5	0.004284490145672665
ACCGTGACCCAGGACTCCTCCCTGCAG--GCAGGACGGCTGCTTCATCTA	5	0.004284490145672665
ACCGTGACCCAGGACTCCTCCCTCATATATATCTACTGCAGGACGGCTGCTTCATCTA	5	0.004284490145672665
ACCGTGACCCAGGACTCCTCCCTGCAGCCTCCTTTAGTCCATATTATGCAGGACGGCTGCTTCATCTA	5	0.004284490145672665
ACCGTGACCCAGGCCTTTCTTTAACTCGTCCATATTACTGCAGGACGGCTGCTTCATCTA	5	0.004284490145672665
ACCGTGACCCAGGACTCCTCCCTGCAAGTCCTTTAGTCCATATTCTGCAGGACGGCTGCTTCATCTA	5	0.004284490145672665
ACCGTGACCCAGGACTCCTCCCT---ACTGCAGGACGGCTGCTTCATCTA	4	0.003427592116538132
ACCGTGACCCAGGACTCCTCCCT---------------CTGCTTCATCTA	4	0.003427592116538132
ACCGTGACCCAGGACTCCTCCC----------GGACGGCTGCTTCATCTA	4	0.003427592116538132
ACCGTGACCCAGGACTCCTCCCTGCA-----AGGACGGCTGCTTCATCTA	4	0.003427592116538132
ACCGTGACCCAGG--TAGTCCATATTACTGCAGGACGGCTGCTTCATCTA	4	0.003427592116538132
ACCGTGACCCAGGACTCCTCCCTGCAG----------------TCATCTA	4	0.003427592116538132
ACCGTGACCCAGGACTCCTCCCTG--CCTGCAGGACGGCTGCTTCATCTA	4	0.003427592116538132
ACCGTGACCCA----------------CTGCAGGACGGCTGCTTCATCTA	4	0.003427592116538132
ACCGTGACCCAGGACTCCTCCCTGC---------ACGGCTGCTTCATCTA	4	0.003427592116538132
ACCGTGACCCAGGACTCCTCCCTGC-----TAGGACGGCTGCTTCATCTA	4	0.003427592116538132
ACCGTGACCCAGGACTCCTCCCTGC-------------CTGCTTCATCTA	4	0.003427592116538132
ACCGTGACCCAGGA-TAGTCCATATTACTGCAGGACGGCTGCTTCATCTA	4	0.003427592116538132
ACCGTGACCCAGGACTCCT--------CTGCAGGACGGCTGCTTCATCTA	4	0.003427592116538132
ACCGTGACCCAGGACTCCTCCCTGCA---GTAGGACGGCTGCTTCATCTA	4	0.003427592116538132
ACCGTGACTTAG------TCCATATTACTGCAGGACGGCTGCTTCATCTA	4	0.003427592116538132
ACCGTGACCCAGGACTCCTCCC-----CTGCAGGACGGCTGCTTCATCTA	4	0.003427592116538132
ACCGTGACCCAGGACTCCTCCCTGCA--------ACGGCTGCTTCATCTA	4	0.003427592116538132
ACCGTGACCCAGGACTCCTCAATATGATATTCCTACTGCAGGACGGCTGCTTCATCTA	4	0.003427592116538132
ACCGTGACCCAGGACTCCTCCGATATATATTCCTACTGCAGGACGGCTGCTTCATCTA	4	0.003427592116538132
ACCGTGACCCAGGACTCCTCCCTGCAGCAAGCCTCCTTTAGTCCATATTATGCAGGACGGCTGCTTCATCTA	4	0.003427592116538132
ACCGTGACCCAGGACTCCTCCCTGCAAGAAGCCTCCTTTAGTCCATATTCTGCAGGACGGCTGCTTCATCTA	4	0.003427592116538132
ACCGTGACCCAGGACTCCTCCCTGCAATTTAGTCCATATTCTGCAGGACGGCTGCTTCATCTA	4	0.003427592116538132
ACCGTGACCCAGGACTCCTCCCTGCAGCCCTCCTTTAGTCCATATTATGCAGGACGGCTGCTTCATCTA	4	0.003427592116538132
ACCGTGACCCAGGACTCCTCCCTGCAAGCCTCCTTTAGTCCATATTCTGCAGGACGGCTGCTTCATCTA	4	0.003427592116538132
ACCGTGACCCAGGACTCCTCCCTCTGTGTCCATATTCCATATTAACTGCAGGACGGCTGCTTCATCTA	4	0.003427592116538132
ACCGTGACCCAGGACTCCTCCCTGCTAAAGCCTCCTTTAGTCCATATACTGCAGGACGGCTGCTTCATCTA	4	0.003427592116538132
ACCGTGACCCA-GCCTCCTTTTAGCCATATTACTGCAGGACGGCTGCTTCATCTA	4	0.003427592116538132
ACCGTGACCCAGGACTCCTCCCTGCAGCTCCTTTAGTCCATATTATGCAGGACGGCTGCTTCATCTA	4	0.003427592116538132
ACCGTGACCCAGGACTCCTCCCTGCAGCGCCTCCTTTAGTCCATATTATGCAGGACGGCTGCTTCATCTA	4	0.003427592116538132
ACCGTGACCCAGGACTCCTCCCTGCAAGGCCTCCTTTAGTCCATATTCTGCAGGACGGCTGCTTCATCTA	4	0.003427592116538132
ACCGTGACCCAGGACTC-CCC-----CCTGCAGGACGGCTGCTTCATCTA	3	0.002570694087403599
ACCGTGACCC--------ACCATATTACTGCAGGACGGCTGCTTCATCTA	3	0.002570694087403599
ACCGTGACCCAGGACTCCTCCCTGC------------TCTGCTTCATCTA	3	0.002570694087403599
ACCGTGACCCAGGACTCCTCCCT----------GACGGCTGCTTCATCTA	3	0.002570694087403599
ACCGTGACCCAGGACTCCTCCCTGCA-------------TGCTTCATCTA	3	0.002570694087403599
ACCGTGACCCAG----TGTCCATATTACTGCAGGACGGCTGCTTCATCTA	3	0.002570694087403599
ACCGTGACCCAGGACTCCTCCCTGCA--AGCAGGACGGCTGCTTCATCTA	3	0.002570694087403599
ACCGTGACCCAGGACTCCTCCGTATTTTATTCCAACTGCAGGACGGCTGCTTCATCTA	3	0.002570694087403599
ACCGTGACCCAGGACTCCTCCCTGCAGCATTATGCAGGACGGCTGCTTCATCTA	3	0.002570694087403599
ACCGTGACCCAGGACTCCTCCCTGCAAGATTCTGCAGGACGGCTGCTTCATCTA	3	0.002570694087403599
ACCGTGACCCAGGACTCCCAGTCCATAGTCCATATATTCCTTTTACTGCAGGACGGCTGCTTCATCTA	3	0.002570694087403599
ACCGTGACCCAGGACTCCTCCCTGCAATCCTTTAGTCCATATTCTGCAGGACGGCTGCTTCATCTA	3	0.002570694087403599
ACCGTGACCCAGGACTCCTCCCTGCTTATACTGCAGGACGGCTGCTTCATCTA	3	0.002570694087403599
ACCGTGACCCAGGACTCCTCCCTGTCTATACTGCAGGACGGCTGCTTCATCTA	3	0.002570694087403599
ACCGTGACCCAGGACTCCTCCATATTACTGCAGGACGGCTGCTTCATCTA	3	0.002570694087403599
ACCGTGACCCAGGACTCCTCCCTGCAGCGTCCATATTATGCAGGACGGCTGCTTCATCTA	3	0.002570694087403599
ACCGTGACCCAGGACTCCTCCCTGCAAAAGCCTCCTTTAGTCCATATTCTGCAGGACGGCTGCTTCATCTA	3	0.002570694087403599
ACCGTGACCCAGGACTCCTCCCTGCAGCTATGCAGGACGGCTGCTTCATCTA	3	0.002570694087403599
ACCGTGACCCAGGACTCCTCCCTGCAAGTCTGCAGGACGGCTGCTTCATCTA	3	0.002570694087403599
ACCGTGACCCAGGACTCCTCCCTCCAATATTCTGCAGGACGGCTGCTTCATCTA	3	0.002570694087403599
ACCGTGACCCAGCTTTAGTCCATATTACTGCAGGACGGCTGCTTCATCTA	3	0.002570694087403599
ACCGTGACCC-AGCCTCGCTTTATCCATATTACTGCAGGACGGCTGCTTCATCTA	3	0.002570694087403599
ACCGTGACCCAGGACTCCTCCCTGCAACCTTTAGTCCATATTCTGCAGGACGGCTGCTTCATCTA	3	0.002570694087403599
ACCGTGACCCAGGACTCCTCCCTGCAAGCTCCTTTAGTCCATATTCTGCAGGACGGCTGCTTCATCTA	3	0.002570694087403599
ACCGTGACCCAGGACTCCTCCCTGCAAGATATTCTGCAGGACGGCTGCTTCATCTA	3	0.002570694087403599
ACCGTGACCCAGGACTCCTCCCTGCTCATATACTGCAGGACGGCTGCTTCATCTA	3	0.002570694087403599
ACCGTGACCCAGGACTCCTCCCTGTCCATATACTGCAGGACGGCTGCTTCATCTA	3	0.002570694087403599
ACCGTGACCCAGGACTCCTCCCTGCAGCAGTCCATATTATGCAGGACGGCTGCTTCATCTA	3	0.002570694087403599
ACCGTGACCCAGGACTCCTCCCTTTAGCTCCATATTATGCAGGACGGCTGCTTCATCTA	3	0.002570694087403599
ACCGTGACCCAGGACTCCTCCCTTTAAGTCCATATTCTGCAGGACGGCTGCTTCATCTA	3	0.002570694087403599
ACCGTGACCCAGGACTCCTCCCTGCAACCATATTCTGCAGGACGGCTGCTTCATCTA	3	0.002570694087403599
ACCGTGACCCAGGACTCCTCCCTGC-------GGACGGCTGCTTCATCTA	2	0.001713796058269066
ACCGTGACCCAGGGCTCCTCC------CTGCAGGACGGCTGCTTCATCTA	2	0.001713796058269066
ACCGTGACCCAGGACTCCTCCCTG----TGCAGGACGGCTGCTTCATCTA	2	0.001713796058269066
ACCGTGACCCAGGACTCCTCCC-------------CGGCTGCTTCATCTA	2	0.001713796058269066
ACCGTGACCCAGGACTCCT-ACAGC--CTGCAGGACGGCTGCTTCATCTA	2	0.001713796058269066
ACCGTGACCCAGGACTCCTCC-----------GGACGGCTGCTTCATCTA	2	0.001713796058269066
ACCGTGACCCAGGACTCCTCCCTGCAG-TGCA----GGCTGCTTCATCTA	2	0.001713796058269066
ACCGTGACCCAGGACTC----------CTGCAGGACGGCTGCTTCATCTA	2	0.001713796058269066
ACCGTGACCCAGGACTCCTCCCT-------CAGGACGGCTGCTTCATCTA	2	0.001713796058269066
ACCGTGACCCAGGACT----------GCT-CAGGACGGCTGCTTCATCTA	2	0.001713796058269066
ACCGTGACCCAGGA---CTCCATATTACTGCAGGACGGCTGCTTCATCTA	2	0.001713796058269066
ACCGTGACCCAGGACTCCTCC--------------CGGCTGCTTCATCTA	2	0.001713796058269066
ACCGTGACCCAGGACTCCTCCCT---------GGACGGCTGCTTCATCTA	2	0.001713796058269066
ACCGTGACCCAGGACT----CCAGC--CTGCAGGACGGCTGCTTCATCTA	2	0.001713796058269066
ACCGTGACCCAGGACTCCTCCCTGC-----CAGGACGGCTGCTTCATCTA	2	0.001713796058269066
ACCGTGACCCAGGACTCCTCCCTGC-TTTGCAGGACGGCTGCTTCATCTA	2	0.001713796058269066
ACCGTGACCCAGGA---------GGA----CAGGACGGCTGCTTCATCTA	2	0.001713796058269066
ACCGTGACCCAGGA--------------TGCAGGACGGCTGCTTCATCTA	2	0.001713796058269066
ACCGTGACCCAGGACTCCTCCCTCC-----CAGGACGGCTGCTTCATCTA	2	0.001713796058269066
ACCGTGACCCAGGACTCCTCCCTG------------GGCTGCTTCATCTA	2	0.001713796058269066
ACCGTGACCCAGGACT----------ACTGCAGGACGGCTGCTTCATCTA	2	0.001713796058269066
ACCGTGACCCAGGACTCCTCCCTGC------------GCTGCTTCATCTA	2	0.001713796058269066
ACCGTGACCCAG---------ATATTACTGCAGGACGGCTGCTTCATCTA	2	0.001713796058269066
ACCGTGACCCAGG-----TCCATATTACTGCAGGACGGCTGCTTCATCTA	2	0.001713796058269066
ACCGTGATCC---TTTAGTCCATATTACTGCAGGACGGCTGCTTCATCTA	2	0.001713796058269066
ACCGTGACCCAGGACTCCTCCC--------CAGGACGGCTGCTTCATCTA	2	0.001713796058269066
ACCGTGACCCAG-------CCATATTACTGCAGGACGGCTGCTTCATCTA	2	0.001713796058269066
ACCGTGACCCAGGA---------------GCAGGACGGCTGCTTCATCTA	2	0.001713796058269066
ACCGTGACCCAGGACTCCTCCCTGCAG--TAATGA-GTGAGCTTCATCTA	2	0.001713796058269066
ACCGTGACCCAGGACTCCTCCCTGCA----CAGGACGGCTGCTTCATCTA	2	0.001713796058269066
ACCGTGACCCAGGACTCCTCCCT-----TGCAGGACGGCTGCTTCATCTA	2	0.001713796058269066
ACCGTGACCCAGGACTCCTCCCTGCAG---------------TTCATCTA	2	0.001713796058269066
ACCGTGACCCAGGACTCCTCC------CTGCAGGA-GGCTGCTTCATCTA	2	0.001713796058269066
ACCGTGACCCAGGACT--------CAG----GGGACGGCTGCTTCATCTA	2	0.001713796058269066
ACCGTGGCCCAGGACTCCTC----------CAGGACGGCTGCTTCATCTA	2	0.001713796058269066
ACCGTGACCCAGGACTCCTCCCTGC----------CGGCTGCTTCATCTA	2	0.001713796058269066
ACCGTGACCCAGGACT-----------CTGCAGGACGGCTGCTTCATCTA	2	0.001713796058269066
ACCGTGACCCAGGACTCCTCCCTGCAG--AAAGGACGGCTGCTTCATCTA	2	0.001713796058269066
ACCGTGACCCAGGACTCCTCCCTG--------GGACGGCTGCTTCATCTA	2	0.001713796058269066
ACCGTGACCCAGGACTCCTCCCT-------------GGCTGCTTCATCTA	2	0.001713796058269066
ACCGTGACCCAGGACTCCTCCCTGCAG-----GGAGGGCTGCTTCATCTA	2	0.001713796058269066
ACCGTGACCCAGG----GTCCATATTACTGCAGGACGGCTGCTTCATCTA	2	0.001713796058269066
ACCGTGACCCAGGACTCC-----------ACAGGACGGCTGCTTCATCTA	2	0.001713796058269066
ACCGTGACCCAGGAC----CCATATTACTGCAGGACGGCTGCTTCATCTA	2	0.001713796058269066
ACCGTGACCCAGGACTCCTCCCTGCA--------------GATTCATCTA	2	0.001713796058269066
ACCGTGACCCAGGACTCCTCCCT--------------GCTGCTTCATCTA	2	0.001713796058269066
ACCGTGACCCAGGACT--------TTACTGCAGGACGGCTGCTTCATCTA	2	0.001713796058269066
ACCGTGACCCAGGACT------------TGCAGGACGGCTGCTTCATCTA	2	0.001713796058269066
ACCGTGACC---------------CAGCTGCAGGACGGCTGCTTCATCTA	2	0.001713796058269066
ACCGTGACCCAGGACTCCT------------AGGACGGCTGCTTCATCTA	2	0.001713796058269066
ACCGTGACCCAGGACTCCTCCCTGCA-----------GTTGCTTCATCTA	2	0.001713796058269066
ACCGTGACCCA-----------TATTACTGCAGGACGGCTGCTTCATCTA	2	0.001713796058269066
ACCGTGACCCAGGACTCCTCCCT----CTGCAGGACGGCTGCTTCATCTA	2	0.001713796058269066
ACCGTGACCCAGGACTCCTCCC------------ACGGCTGCTTCATCTA	2	0.001713796058269066
ACCGTGACCCAGGACTCCT------TACTGCAGGACGGCTGCTTCATCTA	2	0.001713796058269066
ACCGTGACCCAGGACTCCTCCCTG-------AGGACGGCTGCTTCATCTA	2	0.001713796058269066
ACCGTGACCCAGGACTCCTCCCTGCAG-------------GCTTCATCTA	2	0.001713796058269066
ACCGTGACCCA-GTTTAGTCCATATTACTGCAGGACGGCTGCTTCATCTA	2	0.001713796058269066
ACCGTGACCTAG------TCCATATTACTGCAGGACGGCTGCTTCATCTA	2	0.001713796058269066
ACCGTGACCCAGGACTCCTCCCTGCAAATTCTGCAGGACGGCTGCTTCATCTA	2	0.001713796058269066
ACCGTGACCCAGGACTCCTCCCTGCTAATACTGCAGGACGGCTGCTTCATCTA	2	0.001713796058269066
ACCGTGACCCAGGACTCCTCCCTTGTCGTCCATATTCATATTTAACTGCAGGACGGCTGCTTCATCTA	2	0.001713796058269066
ACCGTGACCCAGGACTCCTCCCTGCAGCTTATGCAGGACGGCTGCTTCATCTA	2	0.001713796058269066
ACCGTGACCCAGGACTCCTCCCTGCAAGTTCTGCAGGACGGCTGCTTCATCTA	2	0.001713796058269066
ACCGTGACCCAGGACTCCTGCCATATTACTGCAGGACGGCTGCTTCATCTA	2	0.001713796058269066
ACCGTGACCCAGGACTCGCTCCATATTACTGCAGGACGGCTGCTTCATCTA	2	0.001713796058269066
ACCGTGACCCAGGACTCCTCCCCATTACTGCAGGAGGGCTGCTTCATCTA	2	0.001713796058269066
ACCGTGACCCAGGACTCCTCCCTGCTATATTTTAACTGCAGGACGGCTGCTTCATCTA	2	0.001713796058269066
ACCGTGACCCAGGACTCCTCCCTAGCAGCTCCTTTAGTCCATTTACTGCAGGACGGCTGCTTCATCTA	2	0.001713796058269066
ACCGTGACCCAGGACTCCTCCCTGCAGCCTTTAGTCCATATTATGCAGGACGGCTGCTTCATCTA	2	0.001713796058269066
ACCGTGACCCAGGACTCCTCCCTGCTATTTAGTCCATATACTGCAGGACGGCTGCTTCATCTA	2	0.001713796058269066
ACCGTGACCCACTCTTTAGTCCATATTACTGCAGGACGGCTGCTTCATCTA	2	0.001713796058269066
ACCGTGACCCAGGACGCCTCCGTATTTTATTCCAACTGCAGGACGGCTGCTTCATCTA	2	0.001713796058269066
ACCGTGACCCAGGACTTTAGTCCATATTACTGCAGGACGGCTGCTTCATCTA	2	0.001713796058269066
ACCGTGACCCAGGACTTGTATCCATATTACTGCAGGACGGCTGCTTCATCTA	2	0.001713796058269066
ACCGTGACCCAGGACTGGTCCATATTCGTCCATATTCTCCTTTAACTGCAGGACGGCTGCTTCATCTA	2	0.001713796058269066
ACCGTGACCCAGGACTCCTCCCTGCAAGGTCCATATTCTGCAGGACGGCTGCTTCATCTA	2	0.001713796058269066
ACCGTGACCCAGAACTTTATTTAGGTCCTCCATATTACTGCAGGACGGCTGCTTCATCTA	2	0.001713796058269066
ACCGTGACCCAGGACTCCTCCCTGCAGCTTTAGTCCATATTATGCAGGACGGCTGCTTCATCTA	2	0.001713796058269066
ACCGTGACCCAGGACTCCTCCCTGCAAGTTTAGTCCATATTCTGCAGGACGGCTGCTTCATCTA	2	0.001713796058269066
ACCGTGACCCAGGACTCGCTCTCCATATTACTGCAGGACGGCTGCTTCATCTA	2	0.001713796058269066
ACCGTGACCCAGGACTCCTCCCTGCAACTCCTTTAGTCCATATTCTGCAGGACGGCTGCTTCATCTA	2	0.001713796058269066
ACCGTGACCCAGGACTCCTCCCTGCTACTCCTTTAGTCCATATACTGCAGGACGGCTGCTTCATCTA	2	0.001713796058269066
ACCGTGACCCAGGACTCCTCCCTCCTATATACTGCAGGACGGCTGCTTCATCTA	2	0.001713796058269066
ACCGTGACCCAGGACTCCTCCCTGCAATCTGCAGGACGGCTGCTTCATCTA	2	0.001713796058269066
ACCGTGACCCAAGCCTCCTTTTAGCCATATTACTGCAGGACGGCTGCTTCATCTA	2	0.001713796058269066
ACCGTGACCCAAGCCTCGCTTTATCCATATTACTGCAGGACGGCTGCTTCATCTA	2	0.001713796058269066
ACCGTGACCCAGGACTCCCGTCCATATGTCCATATTTCCCTTTAACTGCAGGACGGCTGCTTCATCTA	2	0.001713796058269066
ACCGTGACCCAGGACGTATTCCTCTATTATTTCTTCCAACTGCAGGACGGCTGCTTCATCTA	2	0.001713796058269066
ACCGTGACCCAGCCTTTAGTCCATATTACTGCAGGACGGCTGCTTCATCTA	2	0.001713796058269066
ACCGTGACCCAGCCTTATGTCCATATTACTGCAGGACGGCTGCTTCATCTA	2	0.001713796058269066
ACCGTGACCCAGGACTCCTCCCTGCAGCAAAAGCCTCCTTTAGTCCATATTATGCAGGACGGCTGCTTCATCTA	2	0.001713796058269066
ACCGTGACCCAGGACTCCTCCCTGCAAGAAAAGCCTCCTTTAGTCCATATTCTGCAGGACGGCTGCTTCATCTA	2	0.001713796058269066
ACCGCGACCCAGGACTCCTCCCTGCTATTTAGTCCATATACTGCAGGACGGCTGCTTCATCTA	2	0.001713796058269066
ACCGTGACCCAGGACTCCTTCTTTAGCCATATTACTGCAGGACGGCTGCTTCATCTA	2	0.001713796058269066
ACCGTGACCCAGGACTTGCCTTTATCCATATTACTGCAGGACGGCTGCTTCATCTA	2	0.001713796058269066
ACCGTGACCCAGGACTCCTTAGTCCATATTACTGCAGGACGGCTGCTTCATCTA	2	0.001713796058269066
ACCGTGACCCAGGACTCCTCCC--------GAGGACGGCTGCTTCATCTA	2	0.001713796058269066
ACCGTGACCCAGGACTCCTCCCTGCAATAGTCCATATTCTGCAGGACGGCTGCTTCATCTA	2	0.001713796058269066
ACCGTGACCCAGGACTCCTCCCTGCAAAGCCTCCTTTAGTCCATATTCTGCAGGACGGCTGCTTCATCTA	2	0.001713796058269066
ACCGTGACCCAGGACTCCTCCCTGCTAAGCCTCCTTTAGTCCATATACTGCAGGACGGCTGCTTCATCTA	2	0.001713796058269066
ACCGTGACCCAGGACTCCTCCCTACTATATTTTAACTGCAGGACGGCTGCTTCATCTA	2	0.001713796058269066
ACCGTGACCCAGGACTCCTCCCTGCAGCATATTATGCAGGACGGCTGCTTCATCTA	2	0.001713796058269066
ACCGTGACCCAGGACTCCTCCCTGTCTACTGCAGGACGGCTGCTTCATCTA	2	0.001713796058269066
ACCGTGACCCAGGACTCCTCCCTATTACTGCAGGACGGCTGCTTCATCTA	2	0.001713796058269066
ACCGTGACCCAGGACTCCTCCCTGCTACCTTTAGTCCATATACTGCAGGACGGCTGCTTCATCTA	2	0.001713796058269066
ACCGTGTCCCAGGACTCCTCCCTGCAGCTGCAGGACGGCTGCTTCATCTA	2	0.001713796058269066
ACCGTGACCCAGGACTCCTCCCTGCAGCAGCCTCCTTTAGTCCATATTATGCAGGACGGCTGCTTCATCTA	1	0.000856898029134533
ACCGTGACCCAGGACTCCTCCCTGCAAGAGCCTCCTTTAGTCCATATTCTGCAGGACGGCTGCTTCATCTA	1	0.000856898029134533
ACCGTGACCCAGGACTCCTCCCTGCATTATTAAAGCTGCAGGACGGCTGCTTCATCTA	1	0.000856898029134533
ACCGTGACCCAGGACTCCTCCCTGCAGCATGCAGGGCGGCTGCTTCATCTA	1	0.000856898029134533
ACCGTGACCCAGGACTCCTCCCTGCAAGCTGCAGGGCGGCTGCTTCATCTA	1	0.000856898029134533
ACCGTGACCCAGGACTCCTCCC-------------CGGCTGCGTCATCTA	1	0.000856898029134533
ACCGTGTCCCAGGACTCCTC-------------CCCGGCTGCTTCATCTA	1	0.000856898029134533
ACCGTGACCCAGTACTCCTCACTGCA--------GCGGCTGCTTCATCTA	1	0.000856898029134533
ACCGTGACCCAGGACTCCTC-------CTGCAGGACGGCTGCTTCATCTA	1	0.000856898029134533
ACCGTGACCCAGGTCTCCT-------CCAGCAGGACGGCTGCTTCATCTA	1	0.000856898029134533
ACCGTGACCCATGACTCGCTTTTTCCATATTACAGCAGGACGGCTGCTTCATCTA	1	0.000856898029134533
ACCGTGTCCCAGGACTCCTCCC---TGCTGCAGGACGGCTGCTTCATCTA	1	0.000856898029134533
ACCGTGACCCAGGACTCCTCCCTAATTACTGCAGGACGGCTGCTTCATCTA	1	0.000856898029134533
ACCGTGACCCAGGACTCCTCCACTATTACTGCAGGACGGCTGCTTCATCTA	1	0.000856898029134533
ACCGAGACCCAGGACTCCTCCCTTATTTATTCCAACTGCAGGACGGCTGCTTCATCTA	1	0.000856898029134533
ACCGTGACCCAGGACTCCTCC------CTGCAGGACGGCTGCTACATCTA	1	0.000856898029134533
ACCGTGACCCAGGACTCCTCCCTGCAGTAATAGTAAATAAAGACGGAGGCTTCATCTA	1	0.000856898029134533
ACCGTGACCCAGGACTCCTCCCTGCAGTAATTCTAACTAAGGAAGGAGGCTTCATCTA	1	0.000856898029134533
ACCGTGACCCAGGACTCCTCCCTGCAAGCTTTAGTCCATATTCTGCAGGACGGCTGCTTCATCTA	1	0.000856898029134533
ACCGTGACCCAGGACTCCTCCGATTATCATTACATCTGAAGGACGGCTGCTTCATCTA	1	0.000856898029134533
ACCGTGACCCAGGACTCCTCCCTGC---------AAGGCTGCTTCATCTA	1	0.000856898029134533
ACCGTGACCCAGGACTCCTCCCTG---------CATGGCTGCTTCATCTA	1	0.000856898029134533
ACCGTGACCCAGGACTCCTTCCTTAAGCTCCATATTATGCAGGAAGGCTGCTACATCTA	1	0.000856898029134533
ACCGTGACCCAGGACTCCTTCCTTTAAGTCCATATTCTGCAGGACGGCTGCTTCATCTA	1	0.000856898029134533
ACCGTGACCCGAGACTTTATTTAGGTCCTCCATATTACTGCAGGACGGCTGCTTCATCTA	1	0.000856898029134533
ACCGTGACCGCTTTCTTTCTTTAAAAGACCTCGTCCATATTACTGCAGGACGGCTGCTTCATCTA	1	0.000856898029134533
ACCGTGACCCAGTACTCCTCCCTGC-----AAGGACGGCTGCTTCATCTA	1	0.000856898029134533
ACCGTGACCCAGGACTCCTCCCTGCTAGCTTTAGTCCATATACTGCAGGACGGCTGCTTCATCTA	1	0.000856898029134533
ACCGTGACCCATCCTTATGTCCATATTACTGCAGGACGGCTGCTTCATCTA	1	0.000856898029134533
ACCGTGACCCAGGACTCTATTCTCCTATATTTTTTTCAACTGCAGGACGGCTGCTTCATCTA	1	0.000856898029134533
TCCGTGACCCAGGAATATTTCCTCTATTATTTCTTCCAACTGCAGGACGGCTGCTTCATCTA	1	0.000856898029134533
ACCGTGACCCAGGACTCCTCCCTCTGTGTCCATATTCCATATTAACTGCAGGACGGCTGCTTCNTCTA	1	0.000856898029134533
ACCGTGACCCAGGACTGTTAGTCCTTAGTCCATATCCTCCTATTACTGCAGGACGGCTGCTTCATCTA	1	0.000856898029134533
ACCGTGACCCAGGACTCCTCCATGCAAAAGCCTCCTTTAGTCCATATTCTGCAGGACGGCTGCTTCATCTA	1	0.000856898029134533
ACCGTGACCCAGGACTCCTCCCTGTCAAATCCTCCTTTAGTCCATATACTGCAGGACGGCTGCTTCATCTA	1	0.000856898029134533
ACCGTGACCCAGGACTCCTCCCTGCAGTCTTCATCTACGGCTGCTTCATCTA	1	0.000856898029134533
ACCGTGACCCAGGACTCCTCCCTGCTTGCTTCATCTACGGCTGCTTCATCTA	1	0.000856898029134533
ACCGTGACCCAGGACTCCTCCCAGCATCTCCATATTACATATTAGCTGCCGGCCGGCTGCTACATCTA	1	0.000856898029134533
ACCGTGACCCAGGACTCCTCCCTGTGTGTCCATATTCCATATTAACAGCAGGACGGCTGCTTCATCTA	1	0.000856898029134533
ACCGTGACCCAGGACGCCTCCTTCATATATATCTACTGCAGGACGGCTGCTTCATCTA	1	0.000856898029134533
ACCGTGACCCAGGACTCCTGCCTGAATATACTGCAGGACGGCGGCGTCATCAA	1	0.000856898029134533
ACCGTGACCCAGGTCTCCTCGCTAGATTTACAGCAGGACGGCTGCTTCATCTA	1	0.000856898029134533
ACCGTGACCCGGGACTCCTCCCTGCAGCAAGCCTCCTTTAGTCCATATTATGCAGGACGGCTGCTTCATCTA	1	0.000856898029134533
ACCGTGACCCGGGACTCCTCCCTGCAAGAAGCCTCCTTTAGTCCATATTCTGCAGGACGGCTGCTTCATCTA	1	0.000856898029134533
ACCGTGACCCAGGACTCCTCTGTCCATGTCCATATTATTCTTTAACTGCAGGACGGCTGCTTCATCTA	1	0.000856898029134533
ACCGTGACCCAGGACTCTTAGTCCATATTACTGCAGGACGGCTGCTTCATCTA	1	0.000856898029134533
ACCGTGACCCAGGATCCTTAGTCCATATTACTGCAGGACGGCTGCTTCATCTA	1	0.000856898029134533
ACCGTGACCCTGGCCTTTCTTTAACTCGTCCATATTACTGCAGGACGGCTGCTTCATCTA	1	0.000856898029134533
ACCGTGACCCAGGACTCCTTAAAGCCATATTACTGCAGGACGGCTGCTTCATCTA	1	0.000856898029134533
ACCGTGTCCCAGGACTCGCTTTATCCTTATTACTGCAGGACGGCTGCTTCATCTA	1	0.000856898029134533
ACCGTGACCCTGGACTCCTCCCGCTGTGTCCATATTCCATATTAACTGCAGGACGGCTGCTTCATCTA	1	0.000856898029134533
ACCGTGACCCATGACTC-CCC-----CCTGCAGGACGGCTGCTTCATCTA	1	0.000856898029134533
ACCGTGACCCAGGACTCCTCCCTGCAGCTATAAAGGA-GGCTGCTTCATCTA	1	0.000856898029134533
ACCGTGACCCAGGACTCCTCCCTGCAAGTCTAAAGG-AGGCTGCTTCATCTA	1	0.000856898029134533
ACCGTGACCCAGGACTCCTCCCTGCAGGATGCAGGACGGCTGCTTCATCTA	1	0.000856898029134533
ACCGTGACCCAGGACTCCTCCCTGCAAGGTGCAGGACGGCTGCTTCATCTA	1	0.000856898029134533
ACCGTGAAAAA-GCCTCCTTTTAGCCATATTACTGCAGGACGGCTGCTTCATCTA	1	0.000856898029134533
ACCGTG-AAAAAGCCTCGCTTTATCCATATTACTGCAGGACGGCTGCTTCATCTA	1	0.000856898029134533
ACCGTGACCCAGGTCTTAGTCCATATTACTGCAGGACGGCTGCTTCATCTA	1	0.000856898029134533
ACCGTGACCCAGGCTTTAGTCCATATTACTGCAGGACGGCTGCTTCATCTA	1	0.000856898029134533
ACCGTGACCCAGGACTCCACCCTGCAGCTTTTAGTCCATATTATGCAGGACGGCTGCTTCATCTA	1	0.000856898029134533
ACCGTGACCCAGGACTCCACCCTGCAAGTTTTAGTCCATATTCTGCAGGACGGCTGCTTCATCTA	1	0.000856898029134533
ACCGTGACCCAGGACTCCTCCCTGCA-GTGCAGGACTGCTGCTTCATCTA	1	0.000856898029134533
ACCGTGACCCAGGACTCCTCCCTGCACCCTTTAGTCCATATTATGCAGGACGGCTGCTTCATCTA	1	0.000856898029134533
ACCGTGACCCAGGACTCCTCCCTGCAGCTAATCCATATTATGCAGGACGGCTGCTTCATCTA	1	0.000856898029134533
ACCGTGACCCAGGACTCCTCCCTGCAAGTAATCCATATTCTGCAGGACGGCTGCTTCATCTA	1	0.000856898029134533
ACCGTGACCCAGGACTCCTCCCTCCATCTCCATATTACATATTAGCTGCCGGACGGCTGCTTCATCTA	1	0.000856898029134533
ACCGTGACCCAGGACTCCTCCCTCTGTGTCCATATTCCATATTAACTGCCGGACGGCTGCTTCATCTA	1	0.000856898029134533
ACCGTGACCCAGGACTCCTTCTAGCCATATTACTGCAGGACGGCTGCTTCATCTA	1	0.000856898029134533
ACCGTGACCCTGGACTCCTCCCTGCAATATACGCAGGACGGCTGCTTCATCTA	1	0.000856898029134533
ACCGTGACCCAGGACTCCTCCCTGCTAGTTAGTCCATATACTGCAGGACGGCTGCTTCATCTA	1	0.000856898029134533
ACCGTGACCCAGGACTCCTCCCTTGCACCTTTAGTCCAATTACTGCAGGACGGCTGCTTCATCTA	1	0.000856898029134533
ACCGTGACCCAGGACTCCTCCCTGCAGCCATGCAGGACGGCTGCTTCATCTA	1	0.000856898029134533
ACCGTGACCCAGGACTCCTCCCTGCAAGCCTGCAGGACGGCTGCTTCATCTA	1	0.000856898029134533
TCCGTGTCCCAGGCCTCGCTTTATCCTTATTACTGCAGGACGGCTGCTTCATCTA	1	0.000856898029134533
ACCGAGACCCAGGACTCCTCCCTCCAATATTCTGCAGGACGGCTGCTTCATCTA	1	0.000856898029134533
ACCGTGACCCAGGACTCCTCCCTGCAGCATTATGCAGGACGGATGAGTAATCTA	1	0.000856898029134533
ACCGTGACCCAGGTCTCCTCCCTGCAAGATTCTGCAGGACGGCTGCTTCATCTA	1	0.000856898029134533
ACCGTGACCCAGGACTCCTAGCCTCCTTTAGCCATATTACTGCAGGACGGCTGCTTCATCTA	1	0.000856898029134533
ACCTTGACCCAGGACTCCTCCCTGC--CTGCAGGACGGCTGCTTCATCTA	1	0.000856898029134533
ACCGTGACCCAGGACTCCTCCCTGCAGCGCTCCTTTAGTCCATATTATGCAGGACGGCTGCTTCATCTA	1	0.000856898029134533
ACCGTGACCCAGGACTCCTCCCTGCAAGGCTCCTTTAGTCCATATTCTGCAGGACGGCTGCTTCATCTA	1	0.000856898029134533
ACCGTGACCCAGGACTCCTCCCTAATTACTGCAGGACGGCTGCTTCGTCTA	1	0.000856898029134533
ACCGTGACCCAGGACTCCTCCACTATTACTGCAGGACGGCTGCTTCGTCTA	1	0.000856898029134533
ACCGTGACCCAGGACTCCTCCCTGCAGCTGTCCATATTATGCAGGACGGCTGCTTCATCTA	1	0.000856898029134533
ACCGTGACCCAGGACTCCTCCCTGCAAGTGTCCATATTCTGCAGGACGGCTGCTTCATCTA	1	0.000856898029134533
ACCGTGACCCAGCCCTTTAGTCCATATTACTGCAGGACGGCTGCTTCATCTA	1	0.000856898029134533
ACCGTGACCCAGCCTCTTAGTCCATATTACTGCAGGACGGCTGCTTCATCTA	1	0.000856898029134533
ACCGTGACCCAGCCTCCTTTAGTCCTATATACTGCAGGACGGCTGCTTCATCTA	1	0.000856898029134533
ACCGTGACCCAGGACTCCTCCCAGCATCTCCATATTACATATTAGCTGCAGGACGGCTGCTTCATCTA	1	0.000856898029134533
ACCGTGACCCAGGACTCCTCCCAGTGTGTCCATATTCCATATTAACTGCAGGACGGCTGCTTCATCTA	1	0.000856898029134533
ACCGTGACCCAGGACTCCTCCCCGCAGCCCTTTAGTCCATATTATGCAGGACGGCTGCTTCATCTA	1	0.000856898029134533
ACCGTGACCCAGGACTCCTCCCCGCAAGCCTTTAGTCCATATTCTGCAGGACGGCTGCTTCATCTA	1	0.000856898029134533
ACCGTGACCCAGGACTCCTCCCTGC--TTGCAGGACGGCTGCTTCATCTA	1	0.000856898029134533
ACCGTGTCCCAGGACTCCTCCCTG--CTTGCAGGATGGCTGCTTCATCTA	1	0.000856898029134533
ACCGTGACCCAGGACTCCTAGCCATATTACTGCAGGACGGCTGCTTCCTCTA	1	0.000856898029134533
ACCGTGACCCAGGACTCGCATCCATATTACTGCAGGACGGATGCTTCATCTT	1	0.000856898029134533
ACCGTGACCCAGGACTCCTCCCAGCATCTCCATATTACATATTAGCTGCCGGACGGCTGCTTCATCTA	1	0.000856898029134533
ACCGTGACCCAGGACTCCTCCCTTTTAGTCCATAGTCCATTATTACTGCAGGACGGCTGCTTCATCTA	1	0.000856898029134533
ACCGTGACCCAGGACTCCTCCCTGCAGCTATTATTCAGGACGGCTGCTTCATCTA	1	0.000856898029134533
ACCGTGACCCAGGACTCCTCCCTGCAAGTATTCTTCAGGACGGCTGCTTCATCTA	1	0.000856898029134533
ACCGGGACCCAGGACTCCTCCCTGCATCTTAGTCCATATTATGCAGGACGGCTGCTTCATCTA	1	0.000856898029134533
ACCGTGACCCAGGACTCCTCCCTCTGTGTCCATATTCCATATTAACTGCAGTACGGCTGCTTCATCTA	1	0.000856898029134533
ACCGTGACCCAGGACTCCTCCCTGCAACAGCCTCCTTTAGTCCATATTATGCAGGACGGCTGCTTCATCTA	1	0.000856898029134533
ACCGTGTCCCAGGACTCCT----------CCAGGACGGCTGCTTCATCTA	1	0.000856898029134533
ACCGTGACCCAGGAGTCCTCCCT---GCTGCAGGACGGCTGCTTCATCTA	1	0.000856898029134533
ACCGTGACCCAGGACTCCTCCCTGAAGCCCTCCTTTAGTCCATATTATGCAGGACGGCTGCTTCATCTA	1	0.000856898029134533
ACCGTGACCCAGGACTCCTCCCTGAAAGCCTCCTTTAGTCCATATTCTGCAGGACGGCTGCTTCATCTA	1	0.000856898029134533
ACCGTGACCCAGGACTCCTCCCCATAATTCTGCAGGACGGCTGGGTCATCTT	1	0.000856898029134533
ACCGTCTCCCAGGACTCCTCCCCATAATTCTGCAGGACGGCTGCTTCATCTA	1	0.000856898029134533
ACCGTGACCCAGGCCTCCTTTTAGCCATATTACTGCAGGACGGCTGCTGCATCTA	1	0.000856898029134533
ACCGTGACCCAGGCCTCGCTTTATCCATATTACTGCAGGACGGCTGCTTCATCTA	1	0.000856898029134533
ACCGTGACCCAGGGCTCCTCCCTGCAGCTCCATATTATGCAGGACGGCTGCTTCATCTA	1	0.000856898029134533
ACCGTGACCCAGGGCTCCTCCCTGCAAGTCCATATTCTGCAGGACGGCTGCTTCATCTA	1	0.000856898029134533
ACCGTGACCCAGGACTCGCTCTTTATCCATATTACTGCAGGACGGCTGCTTCATCTA	1	0.000856898029134533
ACCGTGACTCAGGACTCCTCC-----CCTGCAGGACGGCTGCTTCATCTA	1	0.000856898029134533
ACCGTGACCCAGGACTCCTCCCAGCA--TGCAGGACGGCTGCTTCATCTA	1	0.000856898029134533
ACCGTGACCCATGACTCCTACCTGCA---------GGGCTGCTTCATCTA	1	0.000856898029134533
ACCGTGACCCAGGACTCCTCCCTGCAGCAAAGGTCGACTCTAGTCCATATTATGCAGGACGGCTGCTTCATCTA	1	0.000856898029134533
ACCGTGACCCAGGACTCCTCCCTGCAAGAAAGGTCGACTCTAGTCCATATTCTGCAGGACGGCTGCTTCATCTA	1	0.000856898029134533
ACCGTGACCCAGGACCCGTTTATCCATATTACTGCAGGACGGCTGCTTCATCTA	1	0.000856898029134533
ACCGTGACCCAGGACTCCTCCCTGAAGCTCACCATTAGTCCATATTAAGCAGGACGGCTGCTTCATCTA	1	0.000856898029134533
ACCGTGACCCTTGACTCCTCCCTGAAAGCCTCCTTTAGTCCATATTATGCAGGACGGCTGCTTCATCTA	1	0.000856898029134533
ACCGTGACCCAGGACTCCTCCCTAGATTTACTGCAGGACGGCTGCTTCATCTA	1	0.000856898029134533
ACCGAGACCCAG----TGTCCATATTACTGCAGGACGGCTGCTTCATCTA	1	0.000856898029134533
ACCGTGACCCAGGACTCCTCCCTGCA---GCAGGA-GGCTGCTTCATCTA	1	0.000856898029134533
ACCGTGACCCTGGACTCCTCCCTGC---AGCAGG-AGGCTGCTTCATCTA	1	0.000856898029134533
ACCGTGACCCAGGACTCCGCCTCCATATTCCATATTATACTTTAGCTGCAGGACGGCTGCTTCATCTA	1	0.000856898029134533
ACCGTGACCCAGGACTCCGTGTCCATAGTCCATATTTTCCTTTAACTGCAGGACGGCTGCTTCATCTA	1	0.000856898029134533
ACCGTGACCCAGACCTTTCTTTAACTCGTCCATATTACTGCAGGACGGCTGCTTCATCTA	1	0.000856898029134533
ACCGTGACCCAGGACTCCTCCCTGCAGCCATTAGTCCAAATTATGAAGGACGGCTGCTACATCTA	1	0.000856898029134533
ACCGTGACCCATGACTCCTCCCTGCAAGCTTTAGTCCATATTCTGCAGGACGGCTGCTTCATCTA	1	0.000856898029134533
ACCGGGACCCAGGACTCCTCCCTGCAATTTAGTCCATATTCTGCAGGACGGCTGCTTCATCTA	1	0.000856898029134533
ACCGTGACCCAGGACTCCTCCCTGCAGCTACATATTATGCAGGACGGCTGCTTCATCTA	1	0.000856898029134533
ACCGTGACCCAGGACTCCTCCCTGCTATTCCATATACAGCAGGACGGCTGCTTCATCTA	1	0.000856898029134533
ACCGTGACCCAGGACTCCTCCCTGCAGC-------CGGCTGCTTCATCTA	1	0.000856898029134533
TCCGTGACCCAGGACTCCTCCCTGCAGC-------CGGCTGCTTCATCTA	1	0.000856898029134533
ACCGTGACCCAGGACTCCTCCCTGCATCTCCATATTACATATTAGCTGCAGGACGGCTGCTACATCTA	1	0.000856898029134533
ACCGTGACCCAGGACTCCTCCCTGCAGGCTGCAGGACGGCTGCTTCATCTA	1	0.000856898029134533
ACCGTGACCCAGGACTCCTCCCTGCGAGCTGCAGGACGGCTGCTTCATCTA	1	0.000856898029134533
ACCGTGACCCAGGACGCCTCCGATATATATTCCTACTGCAGGACGGCTGCTTCATCTA	1	0.000856898029134533
ACCGTGACCCAGGACTCCTCCCAGAAGCTCTGCAGGACGGCGGCTACATCTA	1	0.000856898029134533
ACCGTGACCCAGGACTCCTCCCTGCA--TGCAGGACGGCTGCTTCATATA	1	0.000856898029134533
ACCGTGACCCTGGACTCCTCCCTTC--ATGCAGGACGGCTGCTTCATCTA	1	0.000856898029134533
ACCGTGACCCAGGACTCCTCCCTGCAAGAGTCCATATTCTGCAGGACGGCTGCTTCATCTA	1	0.000856898029134533
ACCGTGACCCAAAAAGCCTCCGAATATCAATACATCTGCAGGACGGCGGCTTCATCTA	1	0.000856898029134533
ACCGTGACCCAAAAAGCCTCAATATGATATTCCTACTGCAGGACGGCTGCTTCATCTA	1	0.000856898029134533
ACCGTGACCCAGGACTCCTCCCTGCA--TGCATGACCGCTGCTTCATCTA	1	0.000856898029134533
ACCGTGACCCAGGACTCCTCCCTGC--ATGCATGACGGCTGCTTCATCTA	1	0.000856898029134533
ACCGTGACCCAGGACTACTTTGTCCATATTACTGCAGGACGGCTGCTTCATCTA	1	0.000856898029134533
ACCGTGACCCAGGACTCCTCCCTGCAGCGAGCCTCCTTTAGTCCATATTATGCAGGACGGCTGCTTCATCTA	1	0.000856898029134533
ACCGTGACCCAGGACTCCTCCCTGCAAGGAGCCTCCTTTAGTCCATATTCTGCAGGACGGCTGCTTCATCTA	1	0.000856898029134533
ACCGTGACCCAGGACTCCTCCCTGCAATATTCTGCAGGACGGCTGCTTCATCTA	1	0.000856898029134533
ACCGTGACCCAGGACTCCTCCCTGCTATATACTGCAGGACGGCTGCTTCATCTA	1	0.000856898029134533
ACCGTGACCCAGGACTCCTCCCTGCAGCTCCATATTATGCAGGACGGCTGCTTCAACTA	1	0.000856898029134533
ACCGTGACCCAGGACTCCTCCCTGCAGCATATGCAGGACGGCTGCTTCATCTA	1	0.000856898029134533
ACCGTGACCCAGGACTCCTCCCTGCAAGATCTGCAGGACGGCTGCTTCATCTA	1	0.000856898029134533
ACCGTGACCCAGGACTCCTATATTATTTATTCCAACTGCAGGACGGCTGCTTCATCTA	1	0.000856898029134533
ACCGTGACCCAGTACTCGCTTTATCCATATTACTGCAGGACGGCTGCTTCATCTA	1	0.000856898029134533
ACCGTGACCCAGGACTCCTCCCCGCATCTCCATATTACATATTAGCTGCAGGACGGCTGCTTCATCTA	1	0.000856898029134533
ACCGTGACCCAGGACTCCTCCCCGTGTGTCCATATTCCATATTAACTGCAGGACGGCTGCTTCATCTA	1	0.000856898029134533
ACCGTGACCCAGGTCTCCTCCCTG--CCTGCAGGACGGCTGCTTCATCTA	1	0.000856898029134533
ACCGTGACCCAGGACTCCTCCCTGTAGCATATTATGCAGGACGGCTGCTTCATCTA	1	0.000856898029134533
ACCGTGACCCACGACTCCTCCCTGTTAGATATTCTGCAGGACGGCTGCTTCATCTA	1	0.000856898029134533
ACCGAGACCCAGGACTCCTCCCTGCAGCTAGTCCATATTATGCAGGACGGCTGCTTCATCTA	1	0.000856898029134533
ACCGTGACCCAGGACTCCTCCCTGCTTACTGCAGGACGGCTGCTTCATCTA	1	0.000856898029134533
ACCGTGACCCA----TCCTTTTAGCCATATTACTGCAGGACGGCTGCTTCATCTA	1	0.000856898029134533
ACCGTGACCCAGGACTCCTCCCTGCAATTAGTCCACATTCTGCAGGACGGCTGCTTCATCTA	1	0.000856898029134533
ACCGTGACCCAGGACTCCTCCCTGCTATTAGTCCACATACTGCAGGACGGCTGCTTCATCTA	1	0.000856898029134533
ACCGTGACCCAGGACTCCTCCCTGCAG----AGGACGGCTGCTNCATCTA	1	0.000856898029134533
ACCGTGACCCAGGACTCCTCCATTCTATATTTTAACTGCAGGACGGCTGCTTCATCTA	1	0.000856898029134533
ACCGTGACCCAGGACTCATCCCTGCAGGCTGCAGGACGGCTGCTTCATCTA	1	0.000856898029134533
ACCGTGACCCAGGACTCATCCCTGCGAGCTGCAGGACGGCTGCTTCATCTA	1	0.000856898029134533
ACCGAGACCCAGGACTCCTCCCTGCAG------------TGCTTCATCTA	1	0.000856898029134533
ACCGTGACCCAGG--TAGTACATATTACTGCAGGACGGCTGCTTCATCTA	1	0.000856898029134533
ACCGTGACCCAG--GTAGTTCATATTACTGCAGGACGGCTGCTTCATCTA	1	0.000856898029134533
ACCGTGACCCAGGACTTTTTTTAGAGCCTCCATATTACTGCAGGACGGCTGCTTCATCTA	1	0.000856898029134533
ACCGTGACCCAGGACTCCTCCCTGCAGCATGCAGGACGGCTGCTTCATCTA	1	0.000856898029134533
ACCGTGACCCAGGACTCCTCCCTGCAAGCTGCAGGACGGCTGCTTCATCTA	1	0.000856898029134533
ACCGTGACCCAGGACTCCTCCCTGCAAATATTCTGCAGGACGGCTGCTTCATCTA	1	0.000856898029134533
ACCGTGACCCAGGACTCCTCCCTGCTAATATACTGCAGGACGGCTGCTTCATCTA	1	0.000856898029134533
ACCGTGACCCAGGACTCCTAAAGCCTCCTTTAGCCATATTACTGCAGGACGGCTGCTTCATCTA	1	0.000856898029134533
ACCGTGACCCAGTTCTCCTCCCTG-------CTGACGGCTGCTTCATCTA	1	0.000856898029134533
ACCGTGACCCAGGACTCCTCCCTGCAGCGGTCCATATTATGCAGGACGGCTGCTTCATCTA	1	0.000856898029134533
ACCGTGACCCAGGACTCCTCCCTGCAAGGGTCCATATTCTGCAGGACGGCTGCTTCATCTA	1	0.000856898029134533
ACCGTGACCCAGGACTCTATTCTATTTTATTCCGTCCAACTGCAGGACGGCTGCTTCATCTA	1	0.000856898029134533
ACCGGGACCCAGGTCTCCTCCCTTCAGCATCTAAAGCAGGACGGCTGCTTCATCTA	1	0.000856898029134533
ACCGTGACAAAAGCCTCCTTTTAGCCATATTACTGCAGGACGGCTGCTTCATCTA	1	0.000856898029134533
ACCGTGACAAAAGCCTCGCTTTATCCATATTACTGCAGGACGGCTGCTTCATCTA	1	0.000856898029134533
ACCGTGACCCAGGACTCCTCCCTGCAG---------------ATCATCTA	1	0.000856898029134533
ACCGTGACCCAGGACTCCTCCCTGCT---------------GTTCATCTA	1	0.000856898029134533
ACCGTGACCCAGGACTCCTCCCTGCATCTAGTCCATATTAAGCAGGACGGCTGCTTCATCTA	1	0.000856898029134533
ACCGTGACCCTGGACTCCTCCCTGCTATTAGTCCATATACAGCAGGACGGCTGCTTCATCTA	1	0.000856898029134533
ACCGTGACCCAGGACTCCTCCAT----------GACGGCTGCTTCATCTA	1	0.000856898029134533
ACCGTGACCCAGGACTCCTCCCTGCAAGAC-TTAGGACGGCTGCTTCATCTA	1	0.000856898029134533
ACCGTGACCCAGGACTCCTCCCTGCAGCTTTTAGTCCATATTATGCAGGACGGCTGCTTCATCTA	1	0.000856898029134533
ACCGTGACCCAGGACTCCTCCCTGCAAGTTTTAGTCCATATTCTGCAGGACGGCTGCTTCATCTA	1	0.000856898029134533
ACCGTGACCCAGGCCTTTCTTTTTCTCGTCCATATTACTGCAGGACGGCTGCTTCATCTA	1	0.000856898029134533
ACCGTGACCCAGGACTCCTCCCTGCA--AGCAGGACGGCAGCTTCATCGA	1	0.000856898029134533
ACCGTGACCCATGACTCCTCCCTGC--AAGCAGGACGGCTGCTTCATCTA	1	0.000856898029134533
ACCGTGACCCAGGACTCCTCCCTGCA------------CTGCTTCATCTA	1	0.000856898029134533
ACCGTGACCCAGGACTCCTCCCTGCATCTCTATATTATATATTAGCTGCAGGACGGCTGCTTCATCTA	1	0.000856898029134533
ACCGTGACCCAGGACTCCTCCCTGTGTGTCTATATTCTATATTAACTGCAGGACGGCTGCTTCATCTA	1	0.000856898029134533
ACCGTGACCCAGGACTCCTCCCTGCTACCATATACTGCAGGACGGCTGCTTCATCTA	1	0.000856898029134533
ACCGTGACCCAGGACTCCTCCCTGCAGCTATTTATCCACTCCTCCTGCAGGACGGCTGCTTCATCTA	1	0.000856898029134533
ACCGTGACCCAGGACTCCTCCCTGCACGTATTTATCCACTCCTCCTGCAGGACGGCTGCTTCATCTA	1	0.000856898029134533
ACCGTGACCCAGGACTCCTCCCTGCTATCCTTTAGTCCATATACTGCAGGACGGCTGCTTCATCTA	1	0.000856898029134533
ACCGTGACCCAGGACCCTTTAGTCCTATATACTGCAGGACGGCTGCTTCATCTA	1	0.000856898029134533
ACCGTGAGAAAAGCCTCCTTATAGCCATATTACTGCAGGACGGCTGCTTCATCTA	1	0.000856898029134533
ACCGTGAGAAAAGCCTCGCTTTATCCATATTACTGCAGGACGGCTGCTTCATCTA	1	0.000856898029134533
ACCGTGACCCAGGACTCCTCCCTGCAGCTTCCTTTAGTCCATATTATGCAGGACGGCTGCTTCATCTA	1	0.000856898029134533
ACCGTGACCCAGGACTCCTCCCTGCAAGTTCCTTTAGTCCATATTCTGCAGGACGGCTGCTTCATCTA	1	0.000856898029134533
ACCGTGACCCA--------CCATATTACTGCAGGAAGGCTGCTTCATCTA	1	0.000856898029134533
ACCGTGACCCAGGACTCCTCCCTTTAGCTCCATACTATGCAGGACGGCTGCTTCATCTA	1	0.000856898029134533
ACCGTGACCCAGGACTCCTCCCTTTAAGTCCATACTCTGCAGGACGGCTGCTTCATCTA	1	0.000856898029134533
ACCGTGACCCAGGACTCCTCCATATTACTGCAGGACGGCTGCGTCATCTA	1	0.000856898029134533
ACCGTGACCCAGGACTCCTCCCTGCAGCAAAGCCTCCTTTAGTCCATATTATGCAGGACGGCTGCTTCATCTA	1	0.000856898029134533
ACCGTGACCCAGGACTCCTCCCTGCAAGAAAGCCTCCTTTAGTCCATATTCTGCAGGACGGCTGCTTCATCTA	1	0.000856898029134533
ACCGTGACCCAGGACTCCTCCCTGCAACATATTCTGCAGGACGGCTGCTTCATCTA	1	0.000856898029134533
ACCGTGACCCAGGACTCCTCCCTGCTACATATACTGCAGGACGGCTGCTTCATCTA	1	0.000856898029134533
ACCGTGACCCAGGACTCCTCCCTGCAGAT---ATACGGCTGCTTCATCTA	1	0.000856898029134533
ACCGTGACCCAGGACTCCTCCCTGAAGA---TATACGGCTGCTTCATCTA	1	0.000856898029134533
ACCGTGACCCAGGACTCCTTCGCCATATTACTGCAGGACGACTGCTTCATCTA	1	0.000856898029134533
ACCGTGACCCAGGACTCGCTCTCCATATTACTGCAGGACGACTGCTTCATCTA	1	0.000856898029134533
ACCGTGACCCAGGACTCCTTCGCCATATTACTGCAGGACGGCTGCTTCATCTA	1	0.000856898029134533
ACCGTGAACCAGGACTCCTCCCTGCAGCTCCTTTAGTCCATATTATGCAGGACGGCTGCTTCATCTA	1	0.000856898029134533
ACCGTGACCCAGGACTCCTCCCTGCAACTCCTTTAGTCCATATTCTGCAGGGCGGCTGCTTCATCTA	1	0.000856898029134533
ACCGTGACCCAGGACTCCTCCCTGCTACTCCTTTAGTCCATATACTGCAGGGCGGCTGCTTCATCTA	1	0.000856898029134533
ACCGTGACCCAGGACTCCTTCCTTTAGCCATATTACTGCAGGACGGCTGCTTCATCTA	1	0.000856898029134533
ACCGTGACCCAGGACTCCTCCTTCTATTATTTCAACTGCAGGACGGCTGCTTCATCTA	1	0.000856898029134533
