Id	Sequence	Count	Frequency
1	ACCGTGACCCAGGACTCCTCCCTGCAGGACGGCTGCTTCATCTA	102	0.08740359897172237
2	ACCGTGACCCAGGACTCCTCCCTGCAGGGACGGCTGCTTCATCTA	16	0.013710368466152529
3	ACCGTGACCCAGGACTCCTCCCTGCAGAGGACGGCTGCTTCATCTA	15	0.012853470437017995
4	ACCGTGACCCAGGACTCCTCCCTGCATGCAGGACGGCTGCTTCATCTA	15	0.012853470437017995
5	ACCGTGACCCAGGACTCCTCCCTGCAGCGGCTGCTTCATCTA	14	0.011996572407883462
6	ACCGTGACCCAGGACTCCTCCCTGTGTGTCCATATTCCATATTAACTGCAGGACGGCTGCTTCATCTA	13	0.011139674378748929
7	ACCGTGACCCAGGACTCCTCCCTGCAAGTCCATATTCTGCAGGACGGCTGCTTCATCTA	13	0.011139674378748929
8	ACCGTGACCCAGGACTCCTCCCAGGACGGCTGCTTCATCTA	12	0.010282776349614395
9	ACCGTGACCCAGGACTCCTCCCTGCAGCTCCATATTATGCAGGACGGCTGCTTCATCTA	12	0.010282776349614395
10	ACCGTGACCCTCCTTTAGTCCATATTACTGCAGGACGGCTGCTTCATCTA	12	0.010282776349614395
11	ACCGTGACCCAGGACTCCTCCCTGCAGCAGGACGGCTGCTTCATCTA	12	0.010282776349614395
12	ACCGTGACCCAGGACTCCTCCCTTATTTATTCCAACTGCAGGACGGCTGCTTCATCTA	11	0.009425878320479864
13	ACCGTGACCCAGGACTCCTCCCTGCATCTCCATATTACATATTAGCTGCAGGACGGCTGCTTCATCTA	11	0.009425878320479864
14	ACCGTGACCCAGGACTCCTCCCTGCAGCTATTATGCAGGACGGCTGCTTCATCTA	11	0.009425878320479864
15	ACCGTGACCCAGGACTCCTCCCTGCAAGTATTCTGCAGGACGGCTGCTTCATCTA	11	0.009425878320479864
16	ACCGTGACCCAGGACTCCTTTTAGCCATATTACTGCAGGACGGCTGCTTCATCTA	10	0.00856898029134533
17	ACCGTGACCCAGGACTCCTCCCTGCAGTGCAGGACGGCTGCTTCATCTA	9	0.007712082262210797
18	ACCGTGACCCAGGACTCCTCCCTGCAGCTTAGTCCATATTATGCAGGACGGCTGCTTCATCTA	9	0.007712082262210797
19	ACCGTGACCCAGGACTCCTCCCTGCTGCAGGACGGCTGCTTCATCTA	9	0.007712082262210797
20	ACCGTGACCCAGGACTCCTCCCTGCAGGCTGCTTCATCTA	9	0.007712082262210797
21	ACCGTGACCCAGGACTCCTCCCTGCAGGGCTGCTTCATCTA	9	0.007712082262210797
22	ACCGTGACCCAGGACTCCTCCTCCATATTCCATATTATACTTTAGCTGCAGGACGGCTGCTTCATCTA	8	0.006855184233076264
23	ACCGTGACCCAGGACTCGCTTTATCCATATTACTGCAGGACGGCTGCTTCATCTA	8	0.006855184233076264
24	ACCGTGACCCAGGACTCCTCCAGGACGGCTGCTTCATCTA	8	0.006855184233076264
25	ACCGTGACCCAGGACTCCTCCCTGCAAGTTAGTCCATATTCTGCAGGACGGCTGCTTCATCTA	8	0.006855184233076264
26	ACCGTGACCCAGGACTCCTCCCTGCAGCCCTTTAGTCCATATTATGCAGGACGGCTGCTTCATCTA	8	0.006855184233076264
27	ACCGTGACCCAGGACTCCTCCCTGCAAGCCTTTAGTCCATATTCTGCAGGACGGCTGCTTCATCTA	8	0.006855184233076264
28	ACCGTGACCCAGGACTCCTCCCTGCAGCTTCATCTA	8	0.006855184233076264
29	ACCGTGACCCAGGACTCCTCCCTGCAGTGCTTCATCTA	8	0.006855184233076264
30	ACCGTGACCCAGGACTCCTCCCTGCAAGTAGTCCATATTCTGCAGGACGGCTGCTTCATCTA	7	0.005998286203941731
31	ACCGTGACCCAGGACTCCTCCCTGCAACTTTAGTCCATATTCTGCAGGACGGCTGCTTCATCTA	7	0.005998286203941731
32	ACCGTGACCCAGGACTCCTCCCTGCTACTTTAGTCCATATACTGCAGGACGGCTGCTTCATCTA	7	0.005998286203941731
33	ACCGTGACCCAGGACTCCTTGTCCATAGTCCATATTTTCCTTTAACTGCAGGACGGCTGCTTCATCTA	6	0.005141388174807198
34	ACCGTGACCCAGGACTCCTCCCTGCAGCCATATTATGCAGGACGGCTGCTTCATCTA	6	0.005141388174807198
35	ACCGTGACCCAGGACTCCTCCCTGCAAGCATATTCTGCAGGACGGCTGCTTCATCTA	6	0.005141388174807198
36	ACCGTGACCCAGGACTCCTCCCTGCAGACGGCTGCTTCATCTA	6	0.005141388174807198
37	ACCGTGACCCAGGACTCCTCCCTGCGGCTGCTTCATCTA	6	0.005141388174807198
38	ACCGTGACCCAGGACTCCTCCCTCCATCTCCATATTACATATTAGCTGCAGGACGGCTGCTTCATCTA	6	0.005141388174807198
39	ACCGTGACCCAGGACTCCTCCCTGCAGCTAGTCCATATTATGCAGGACGGCTGCTTCATCTA	6	0.005141388174807198
40	ACCGTGACCCAGGACTTTATTTAGGTCCTCCATATTACTGCAGGACGGCTGCTTCATCTA	6	0.005141388174807198
41	ACCGTGACCCAACTTTAGCTTTACCTCGTCCATATTACTGCAGGACGGCTGCTTCATCTA	6	0.005141388174807198
42	ACCGTGACCCAGGTTTAGCTTTAGCTCCTCCATATTACTGCAGGACGGCTGCTTCATCTA	6	0.005141388174807198
43	ACCGTGACCCAGGACTCCTCCCTCATATATATCTACTGCAGGACGGCTGCTTCATCTA	5	0.004284490145672665
44	ACCGTGACCCAGGACTCCTCCCTGCAGCCTCCTTTAGTCCATATTATGCAGGACGGCTGCTTCATCTA	5	0.004284490145672665
45	ACCGTGACCCAGGACTCCTCCCTGCAGCTGCTTCATCTA	5	0.004284490145672665
46	ACCGTGACCCAGGCCTTTCTTTAACTCGTCCATATTACTGCAGGACGGCTGCTTCATCTA	5	0.004284490145672665
47	ACCGTGACCCAGGACTCCTCCCTGCAGGCAGGACGGCTGCTTCATCTA	5	0.004284490145672665
48	ACCGTGACCCAGGACTCCTCCCTGCAAGTCCTTTAGTCCATATTCTGCAGGACGGCTGCTTCATCTA	5	0.004284490145672665
49	ACCGTGACCCAGGACTCCTCCCTACTGCAGGACGGCTGCTTCATCTA	4	0.003427592116538132
50	ACCGTGACCCAGGACTCCTCCCTCTGCTTCATCTA	4	0.003427592116538132
51	ACCGTGACCCAGGACTCCTCAATATGATATTCCTACTGCAGGACGGCTGCTTCATCTA	4	0.003427592116538132
52	ACCGTGACCCAGGACTCCTCCCGGACGGCTGCTTCATCTA	4	0.003427592116538132
53	ACCGTGACCCAGGACTCCTCCGATATATATTCCTACTGCAGGACGGCTGCTTCATCTA	4	0.003427592116538132
54	ACCGTGACCCAGGACTCCTCCCTGCAGCAAGCCTCCTTTAGTCCATATTATGCAGGACGGCTGCTTCATCTA	4	0.003427592116538132
55	ACCGTGACCCAGGACTCCTCCCTGCAAGAAGCCTCCTTTAGTCCATATTCTGCAGGACGGCTGCTTCATCTA	4	0.003427592116538132
56	ACCGTGACCCAGGACTCCTCCCTGCAAGGACGGCTGCTTCATCTA	4	0.003427592116538132
57	ACCGTGACCCAGGACTCCTCCCTGCAATTTAGTCCATATTCTGCAGGACGGCTGCTTCATCTA	4	0.003427592116538132
58	ACCGTGACCCAGGACTCCTCCCTGCAGCCCTCCTTTAGTCCATATTATGCAGGACGGCTGCTTCATCTA	4	0.003427592116538132
59	ACCGTGACCCAGGACTCCTCCCTGCAAGCCTCCTTTAGTCCATATTCTGCAGGACGGCTGCTTCATCTA	4	0.003427592116538132
60	ACCGTGACCCAGGTAGTCCATATTACTGCAGGACGGCTGCTTCATCTA	4	0.003427592116538132
61	ACCGTGACCCAGGACTCCTCCCTCTGTGTCCATATTCCATATTAACTGCAGGACGGCTGCTTCATCTA	4	0.003427592116538132
62	ACCGTGACCCAGGACTCCTCCCTGCAGTCATCTA	4	0.003427592116538132
63	ACCGTGACCCAGGACTCCTCCCTGCTAAAGCCTCCTTTAGTCCATATACTGCAGGACGGCTGCTTCATCTA	4	0.003427592116538132
64	ACCGTGACCCAGCCTCCTTTTAGCCATATTACTGCAGGACGGCTGCTTCATCTA	4	0.003427592116538132
65	ACCGTGACCCAGGACTCCTCCCTGCCTGCAGGACGGCTGCTTCATCTA	4	0.003427592116538132
66	ACCGTGACCCAGGACTCCTCCCTGCAGCTCCTTTAGTCCATATTATGCAGGACGGCTGCTTCATCTA	4	0.003427592116538132
67	ACCGTGACCCACTGCAGGACGGCTGCTTCATCTA	4	0.003427592116538132
68	ACCGTGACCCAGGACTCCTCCCTGCACGGCTGCTTCATCTA	4	0.003427592116538132
69	ACCGTGACCCAGGACTCCTCCCTGCTAGGACGGCTGCTTCATCTA	4	0.003427592116538132
70	ACCGTGACCCAGGACTCCTCCCTGCAGCGCCTCCTTTAGTCCATATTATGCAGGACGGCTGCTTCATCTA	4	0.003427592116538132
71	ACCGTGACCCAGGACTCCTCCCTGCAAGGCCTCCTTTAGTCCATATTCTGCAGGACGGCTGCTTCATCTA	4	0.003427592116538132
72	ACCGTGACCCAGGACTCCTCCCTGCCTGCTTCATCTA	4	0.003427592116538132
73	ACCGTGACCCAGGATAGTCCATATTACTGCAGGACGGCTGCTTCATCTA	4	0.003427592116538132
74	ACCGTGACCCAGGACTCCTCTGCAGGACGGCTGCTTCATCTA	4	0.003427592116538132
75	ACCGTGACCCAGGACTCCTCCCTGCAGTAGGACGGCTGCTTCATCTA	4	0.003427592116538132
76	ACCGTGACTTAGTCCATATTACTGCAGGACGGCTGCTTCATCTA	4	0.003427592116538132
77	ACCGTGACCCAGGACTCCTCCCCTGCAGGACGGCTGCTTCATCTA	4	0.003427592116538132
78	ACCGTGACCCAGGACTCCTCCCTGCAACGGCTGCTTCATCTA	4	0.003427592116538132
79	ACCGTGACCCAGGACTCCTCCGTATTTTATTCCAACTGCAGGACGGCTGCTTCATCTA	3	0.002570694087403599
80	ACCGTGACCCAGGACTCCTCCCTGCAGCATTATGCAGGACGGCTGCTTCATCTA	3	0.002570694087403599
81	ACCGTGACCCAGGACTCCTCCCTGCAAGATTCTGCAGGACGGCTGCTTCATCTA	3	0.002570694087403599
82	ACCGTGACCCAGGACTCCCAGTCCATAGTCCATATATTCCTTTTACTGCAGGACGGCTGCTTCATCTA	3	0.002570694087403599
83	ACCGTGACCCAGGACTCCTCCCTGCAATCCTTTAGTCCATATTCTGCAGGACGGCTGCTTCATCTA	3	0.002570694087403599
84	ACCGTGACCCAGGACTCCCCCCTGCAGGACGGCTGCTTCATCTA	3	0.002570694087403599
85	ACCGTGACCCACCATATTACTGCAGGACGGCTGCTTCATCTA	3	0.002570694087403599
86	ACCGTGACCCAGGACTCCTCCCTGCATGCTTCATCTA	3	0.002570694087403599
87	ACCGTGACCCAGGACTCCTCCCTGCTCTGCTTCATCTA	3	0.002570694087403599
88	ACCGTGACCCAGGACTCCTCCCTGCTTATACTGCAGGACGGCTGCTTCATCTA	3	0.002570694087403599
89	ACCGTGACCCAGGACTCCTCCCTGTCTATACTGCAGGACGGCTGCTTCATCTA	3	0.002570694087403599
90	ACCGTGACCCAGGACTCCTCCATATTACTGCAGGACGGCTGCTTCATCTA	3	0.002570694087403599
91	ACCGTGACCCAGGACTCCTCCCTGCAGCGTCCATATTATGCAGGACGGCTGCTTCATCTA	3	0.002570694087403599
92	ACCGTGACCCAGGACTCCTCCCTGCAAAAGCCTCCTTTAGTCCATATTCTGCAGGACGGCTGCTTCATCTA	3	0.002570694087403599
93	ACCGTGACCCAGGACTCCTCCCTGCAGCTATGCAGGACGGCTGCTTCATCTA	3	0.002570694087403599
94	ACCGTGACCCAGGACTCCTCCCTGCAAGTCTGCAGGACGGCTGCTTCATCTA	3	0.002570694087403599
95	ACCGTGACCCAGGACTCCTCCCTCCAATATTCTGCAGGACGGCTGCTTCATCTA	3	0.002570694087403599
96	ACCGTGACCCAGCTTTAGTCCATATTACTGCAGGACGGCTGCTTCATCTA	3	0.002570694087403599
97	ACCGTGACCCAGCCTCGCTTTATCCATATTACTGCAGGACGGCTGCTTCATCTA	3	0.002570694087403599
98	ACCGTGACCCAGGACTCCTCCCTGACGGCTGCTTCATCTA	3	0.002570694087403599
99	ACCGTGACCCAGGACTCCTCCCTGCAACCTTTAGTCCATATTCTGCAGGACGGCTGCTTCATCTA	3	0.002570694087403599
100	ACCGTGACCCAGGACTCCTCCCTGCAAGCTCCTTTAGTCCATATTCTGCAGGACGGCTGCTTCATCTA	3	0.002570694087403599
101	ACCGTGACCCAGGACTCCTCCCTGCAAGCAGGACGGCTGCTTCATCTA	3	0.002570694087403599
102	ACCGTGACCCAGGACTCCTCCCTGCAAGATATTCTGCAGGACGGCTGCTTCATCTA	3	0.002570694087403599
103	ACCGTGACCCAGTGTCCATATTACTGCAGGACGGCTGCTTCATCTA	3	0.002570694087403599
104	ACCGTGACCCAGGACTCCTCCCTGCTCATATACTGCAGGACGGCTGCTTCATCTA	3	0.002570694087403599
105	ACCGTGACCCAGGACTCCTCCCTGTCCATATACTGCAGGACGGCTGCTTCATCTA	3	0.002570694087403599
106	ACCGTGACCCAGGACTCCTCCCTGCAGCAGTCCATATTATGCAGGACGGCTGCTTCATCTA	3	0.002570694087403599
107	ACCGTGACCCAGGACTCCTCCCTTTAGCTCCATATTATGCAGGACGGCTGCTTCATCTA	3	0.002570694087403599
108	ACCGTGACCCAGGACTCCTCCCTTTAAGTCCATATTCTGCAGGACGGCTGCTTCATCTA	3	0.002570694087403599
109	ACCGTGACCCAGGACTCCTCCCTGCAACCATATTCTGCAGGACGGCTGCTTCATCTA	3	0.002570694087403599
110	ACCGTGACCCAGGACTCCTCCCTGCAAATTCTGCAGGACGGCTGCTTCATCTA	2	0.001713796058269066
111	ACCGTGACCCAGGACTCCTCCCTGCTAATACTGCAGGACGGCTGCTTCATCTA	2	0.001713796058269066
112	ACCGTGACCCAGGACTCCTCCCTTGTCGTCCATATTCATATTTAACTGCAGGACGGCTGCTTCATCTA	2	0.001713796058269066
113	ACCGTGACCCAGGACTCCTCCCTGCAGCTTATGCAGGACGGCTGCTTCATCTA	2	0.001713796058269066
114	ACCGTGACCCAGGACTCCTCCCTGCAAGTTCTGCAGGACGGCTGCTTCATCTA	2	0.001713796058269066
115	ACCGTGACCCAGGACTCCTCCCTGCGGACGGCTGCTTCATCTA	2	0.001713796058269066
116	ACCGTGACCCAGGGCTCCTCCCTGCAGGACGGCTGCTTCATCTA	2	0.001713796058269066
117	ACCGTGACCCAGGACTCCTGCCATATTACTGCAGGACGGCTGCTTCATCTA	2	0.001713796058269066
118	ACCGTGACCCAGGACTCGCTCCATATTACTGCAGGACGGCTGCTTCATCTA	2	0.001713796058269066
119	ACCGTGACCCAGGACTCCTCCCCATTACTGCAGGAGGGCTGCTTCATCTA	2	0.001713796058269066
120	ACCGTGACCCAGGACTCCTCCCTGTGCAGGACGGCTGCTTCATCTA	2	0.001713796058269066
121	ACCGTGACCCAGGACTCCTCCCCGGCTGCTTCATCTA	2	0.001713796058269066
122	ACCGTGACCCAGGACTCCTACAGCCTGCAGGACGGCTGCTTCATCTA	2	0.001713796058269066
123	ACCGTGACCCAGGACTCCTCCGGACGGCTGCTTCATCTA	2	0.001713796058269066
124	ACCGTGACCCAGGACTCCTCCCTGCTATATTTTAACTGCAGGACGGCTGCTTCATCTA	2	0.001713796058269066
125	ACCGTGACCCAGGACTCCTCCCTGCAGTGCAGGCTGCTTCATCTA	2	0.001713796058269066
126	ACCGTGACCCAGGACTCCTCCCTAGCAGCTCCTTTAGTCCATTTACTGCAGGACGGCTGCTTCATCTA	2	0.001713796058269066
127	ACCGTGACCCAGGACTCCTGCAGGACGGCTGCTTCATCTA	2	0.001713796058269066
128	ACCGTGACCCAGGACTCCTCCCTGCAGCCTTTAGTCCATATTATGCAGGACGGCTGCTTCATCTA	2	0.001713796058269066
129	ACCGTGACCCAGGACTCCTCCCTGCTATTTAGTCCATATACTGCAGGACGGCTGCTTCATCTA	2	0.001713796058269066
130	ACCGTGACCCAGGACTCCTCCCTCAGGACGGCTGCTTCATCTA	2	0.001713796058269066
131	ACCGTGACCCACTCTTTAGTCCATATTACTGCAGGACGGCTGCTTCATCTA	2	0.001713796058269066
132	ACCGTGACCCAGGACTGCTCAGGACGGCTGCTTCATCTA	2	0.001713796058269066
133	ACCGTGACCCAGGACGCCTCCGTATTTTATTCCAACTGCAGGACGGCTGCTTCATCTA	2	0.001713796058269066
134	ACCGTGACCCAGGACTTTAGTCCATATTACTGCAGGACGGCTGCTTCATCTA	2	0.001713796058269066
135	ACCGTGACCCAGGACTTGTATCCATATTACTGCAGGACGGCTGCTTCATCTA	2	0.001713796058269066
136	ACCGTGACCCAGGACTCCATATTACTGCAGGACGGCTGCTTCATCTA	2	0.001713796058269066
137	ACCGTGACCCAGGACTGGTCCATATTCGTCCATATTCTCCTTTAACTGCAGGACGGCTGCTTCATCTA	2	0.001713796058269066
138	ACCGTGACCCAGGACTCCTCCCGGCTGCTTCATCTA	2	0.001713796058269066
139	ACCGTGACCCAGGACTCCTCCCTGCAAGGTCCATATTCTGCAGGACGGCTGCTTCATCTA	2	0.001713796058269066
140	ACCGTGACCCAGGACTCCTCCCTGGACGGCTGCTTCATCTA	2	0.001713796058269066
141	ACCGTGACCCAGAACTTTATTTAGGTCCTCCATATTACTGCAGGACGGCTGCTTCATCTA	2	0.001713796058269066
142	ACCGTGACCCAGGACTCCAGCCTGCAGGACGGCTGCTTCATCTA	2	0.001713796058269066
143	ACCGTGACCCAGGACTCCTCCCTGCAGCTTTAGTCCATATTATGCAGGACGGCTGCTTCATCTA	2	0.001713796058269066
144	ACCGTGACCCAGGACTCCTCCCTGCAAGTTTAGTCCATATTCTGCAGGACGGCTGCTTCATCTA	2	0.001713796058269066
145	ACCGTGACCCAGGACTCCTCCCTGCCAGGACGGCTGCTTCATCTA	2	0.001713796058269066
146	ACCGTGACCCAGGACTCGCTCTCCATATTACTGCAGGACGGCTGCTTCATCTA	2	0.001713796058269066
147	ACCGTGACCCAGGACTCCTCCCTGCTTTGCAGGACGGCTGCTTCATCTA	2	0.001713796058269066
148	ACCGTGACCCAGGAGGACAGGACGGCTGCTTCATCTA	2	0.001713796058269066
149	ACCGTGACCCAGGATGCAGGACGGCTGCTTCATCTA	2	0.001713796058269066
150	ACCGTGACCCAGGACTCCTCCCTCCCAGGACGGCTGCTTCATCTA	2	0.001713796058269066
151	ACCGTGACCCAGGACTCCTCCCTGCAACTCCTTTAGTCCATATTCTGCAGGACGGCTGCTTCATCTA	2	0.001713796058269066
152	ACCGTGACCCAGGACTCCTCCCTGCTACTCCTTTAGTCCATATACTGCAGGACGGCTGCTTCATCTA	2	0.001713796058269066
153	ACCGTGACCCAGGACTCCTCCCTGGGCTGCTTCATCTA	2	0.001713796058269066
154	ACCGTGACCCAGGACTCCTCCCTCCTATATACTGCAGGACGGCTGCTTCATCTA	2	0.001713796058269066
155	ACCGTGACCCAGGACTCCTCCCTGCAATCTGCAGGACGGCTGCTTCATCTA	2	0.001713796058269066
156	ACCGTGACCCAGGACTACTGCAGGACGGCTGCTTCATCTA	2	0.001713796058269066
157	ACCGTGACCCAGGACTCCTCCCTGCGCTGCTTCATCTA	2	0.001713796058269066
158	ACCGTGACCCAAGCCTCCTTTTAGCCATATTACTGCAGGACGGCTGCTTCATCTA	2	0.001713796058269066
159	ACCGTGACCCAAGCCTCGCTTTATCCATATTACTGCAGGACGGCTGCTTCATCTA	2	0.001713796058269066
160	ACCGTGACCCAGATATTACTGCAGGACGGCTGCTTCATCTA	2	0.001713796058269066
161	ACCGTGACCCAGGTCCATATTACTGCAGGACGGCTGCTTCATCTA	2	0.001713796058269066
162	ACCGTGATCCTTTAGTCCATATTACTGCAGGACGGCTGCTTCATCTA	2	0.001713796058269066
163	ACCGTGACCCAGGACTCCTCCCCAGGACGGCTGCTTCATCTA	2	0.001713796058269066
164	ACCGTGACCCAGGACTCCCGTCCATATGTCCATATTTCCCTTTAACTGCAGGACGGCTGCTTCATCTA	2	0.001713796058269066
165	ACCGTGACCCAGCCATATTACTGCAGGACGGCTGCTTCATCTA	2	0.001713796058269066
166	ACCGTGACCCAGGAGCAGGACGGCTGCTTCATCTA	2	0.001713796058269066
167	ACCGTGACCCAGGACGTATTCCTCTATTATTTCTTCCAACTGCAGGACGGCTGCTTCATCTA	2	0.001713796058269066
168	ACCGTGACCCAGGACTCCTCCCTGCAGTAATGAGTGAGCTTCATCTA	2	0.001713796058269066
169	ACCGTGACCCAGGACTCCTCCCTGCACAGGACGGCTGCTTCATCTA	2	0.001713796058269066
170	ACCGTGACCCAGGACTCCTCCCTTGCAGGACGGCTGCTTCATCTA	2	0.001713796058269066
171	ACCGTGACCCAGGACTCCTCCCTGCAGTTCATCTA	2	0.001713796058269066
172	ACCGTGACCCAGGACTCCTCCCTGCAGGAGGCTGCTTCATCTA	2	0.001713796058269066
173	ACCGTGACCCAGCCTTTAGTCCATATTACTGCAGGACGGCTGCTTCATCTA	2	0.001713796058269066
174	ACCGTGACCCAGCCTTATGTCCATATTACTGCAGGACGGCTGCTTCATCTA	2	0.001713796058269066
175	ACCGTGACCCAGGACTCCTCCCTGCAGCAAAAGCCTCCTTTAGTCCATATTATGCAGGACGGCTGCTTCATCTA	2	0.001713796058269066
176	ACCGTGACCCAGGACTCCTCCCTGCAAGAAAAGCCTCCTTTAGTCCATATTCTGCAGGACGGCTGCTTCATCTA	2	0.001713796058269066
177	ACCGTGACCCAGGACTCAGGGGACGGCTGCTTCATCTA	2	0.001713796058269066
178	ACCGTGGCCCAGGACTCCTCCAGGACGGCTGCTTCATCTA	2	0.001713796058269066
179	ACCGCGACCCAGGACTCCTCCCTGCTATTTAGTCCATATACTGCAGGACGGCTGCTTCATCTA	2	0.001713796058269066
180	ACCGTGACCCAGGACTCCTTCTTTAGCCATATTACTGCAGGACGGCTGCTTCATCTA	2	0.001713796058269066
181	ACCGTGACCCAGGACTCCTCCCTGCCGGCTGCTTCATCTA	2	0.001713796058269066
182	ACCGTGACCCAGGACTCTGCAGGACGGCTGCTTCATCTA	2	0.001713796058269066
183	ACCGTGACCCAGGACTCCTCCCTGCAGAAAGGACGGCTGCTTCATCTA	2	0.001713796058269066
184	ACCGTGACCCAGGACTTGCCTTTATCCATATTACTGCAGGACGGCTGCTTCATCTA	2	0.001713796058269066
185	ACCGTGACCCAGGACTCCTTAGTCCATATTACTGCAGGACGGCTGCTTCATCTA	2	0.001713796058269066
186	ACCGTGACCCAGGACTCCTCCCTGGGACGGCTGCTTCATCTA	2	0.001713796058269066
187	ACCGTGACCCAGGACTCCTCCCTGGCTGCTTCATCTA	2	0.001713796058269066
188	ACCGTGACCCAGGACTCCTCCCGAGGACGGCTGCTTCATCTA	2	0.001713796058269066
189	ACCGTGACCCAGGACTCCTCCCTGCAATAGTCCATATTCTGCAGGACGGCTGCTTCATCTA	2	0.001713796058269066
190	ACCGTGACCCAGGACTCCTCCCTGCAGGGAGGGCTGCTTCATCTA	2	0.001713796058269066
191	ACCGTGACCCAGGACTCCTCCCTGCAAAGCCTCCTTTAGTCCATATTCTGCAGGACGGCTGCTTCATCTA	2	0.001713796058269066
192	ACCGTGACCCAGGACTCCTCCCTGCTAAGCCTCCTTTAGTCCATATACTGCAGGACGGCTGCTTCATCTA	2	0.001713796058269066
193	ACCGTGACCCAGGGTCCATATTACTGCAGGACGGCTGCTTCATCTA	2	0.001713796058269066
194	ACCGTGACCCAGGACTCCTCCCTACTATATTTTAACTGCAGGACGGCTGCTTCATCTA	2	0.001713796058269066
195	ACCGTGACCCAGGACTCCTCCCTGCAGCATATTATGCAGGACGGCTGCTTCATCTA	2	0.001713796058269066
196	ACCGTGACCCAGGACTCCTCCCTGTCTACTGCAGGACGGCTGCTTCATCTA	2	0.001713796058269066
197	ACCGTGACCCAGGACTCCACAGGACGGCTGCTTCATCTA	2	0.001713796058269066
198	ACCGTGACCCAGGACCCATATTACTGCAGGACGGCTGCTTCATCTA	2	0.001713796058269066
199	ACCGTGACCCAGGACTCCTCCCTGCAGATTCATCTA	2	0.001713796058269066
200	ACCGTGACCCAGGACTCCTCCCTATTACTGCAGGACGGCTGCTTCATCTA	2	0.001713796058269066
201	ACCGTGACCCAGGACTCCTCCCTGCTGCTTCATCTA	2	0.001713796058269066
202	ACCGTGACCCAGGACTTTACTGCAGGACGGCTGCTTCATCTA	2	0.001713796058269066
203	ACCGTGACCCAGGACTTGCAGGACGGCTGCTTCATCTA	2	0.001713796058269066
204	ACCGTGACCCAGCTGCAGGACGGCTGCTTCATCTA	2	0.001713796058269066
205	ACCGTGACCCAGGACTCCTCCCTGCTACCTTTAGTCCATATACTGCAGGACGGCTGCTTCATCTA	2	0.001713796058269066
206	ACCGTGACCCAGGACTCCTAGGACGGCTGCTTCATCTA	2	0.001713796058269066
207	ACCGTGACCCAGGACTCCTCCCTGCAGTTGCTTCATCTA	2	0.001713796058269066
208	ACCGTGACCCATATTACTGCAGGACGGCTGCTTCATCTA	2	0.001713796058269066
209	ACCGTGACCCAGGACTCCTCCCTCTGCAGGACGGCTGCTTCATCTA	2	0.001713796058269066
210	ACCGTGTCCCAGGACTCCTCCCTGCAGCTGCAGGACGGCTGCTTCATCTA	2	0.001713796058269066
211	ACCGTGACCCAGGACTCCTCCCACGGCTGCTTCATCTA	2	0.001713796058269066
212	ACCGTGACCCAGGACTCCTTACTGCAGGACGGCTGCTTCATCTA	2	0.001713796058269066
213	ACCGTGACCCAGGACTCCTCCCTGAGGACGGCTGCTTCATCTA	2	0.001713796058269066
214	ACCGTGACCCAGGACTCCTCCCTGCAGGCTTCATCTA	2	0.001713796058269066
215	ACCGTGACCCAGTTTAGTCCATATTACTGCAGGACGGCTGCTTCATCTA	2	0.001713796058269066
216	ACCGTGACCTAGTCCATATTACTGCAGGACGGCTGCTTCATCTA	2	0.001713796058269066
217	ACCGTGACCCAGGACTCCTCCCTGCAGCAGCCTCCTTTAGTCCATATTATGCAGGACGGCTGCTTCATCTA	1	0.000856898029134533
218	ACCGTGACCCAGGACTCCTCCCTGCAAGAGCCTCCTTTAGTCCATATTCTGCAGGACGGCTGCTTCATCTA	1	0.000856898029134533
219	ACCGTGACCCAGGACTCCTCCCTGCATTATTAAAGCTGCAGGACGGCTGCTTCATCTA	1	0.000856898029134533
220	ACCGTGACCCAGGACTCCTCCCTGCAGCATGCAGGGCGGCTGCTTCATCTA	1	0.000856898029134533
221	ACCGTGACCCAGGACTCCTCCCTGCAAGCTGCAGGGCGGCTGCTTCATCTA	1	0.000856898029134533
222	ACCGTGACCCAGGACTCCTCCCCGGCTGCGTCATCTA	1	0.000856898029134533
223	ACCGTGTCCCAGGACTCCTCCCCGGCTGCTTCATCTA	1	0.000856898029134533
224	ACCGTGACCCAGTACTCCTCACTGCAGCGGCTGCTTCATCTA	1	0.000856898029134533
225	ACCGTGACCCAGGACTCCTCCTGCAGGACGGCTGCTTCATCTA	1	0.000856898029134533
226	ACCGTGACCCAGGTCTCCTCCAGCAGGACGGCTGCTTCATCTA	1	0.000856898029134533
227	ACCGTGACCCATGACTCGCTTTTTCCATATTACAGCAGGACGGCTGCTTCATCTA	1	0.000856898029134533
228	ACCGTGTCCCAGGACTCCTCCCTGCTGCAGGACGGCTGCTTCATCTA	1	0.000856898029134533
229	ACCGTGACCCAGGACTCCTCCCTAATTACTGCAGGACGGCTGCTTCATCTA	1	0.000856898029134533
230	ACCGTGACCCAGGACTCCTCCACTATTACTGCAGGACGGCTGCTTCATCTA	1	0.000856898029134533
231	ACCGAGACCCAGGACTCCTCCCTTATTTATTCCAACTGCAGGACGGCTGCTTCATCTA	1	0.000856898029134533
232	ACCGTGACCCAGGACTCCTCCCTGCAGGACGGCTGCTACATCTA	1	0.000856898029134533
233	ACCGTGACCCAGGACTCCTCCCTGCAGTAATAGTAAATAAAGACGGAGGCTTCATCTA	1	0.000856898029134533
234	ACCGTGACCCAGGACTCCTCCCTGCAGTAATTCTAACTAAGGAAGGAGGCTTCATCTA	1	0.000856898029134533
235	ACCGTGACCCAGGACTCCTCCCTGCAAGCTTTAGTCCATATTCTGCAGGACGGCTGCTTCATCTA	1	0.000856898029134533
236	ACCGTGACCCAGGACTCCTCCGATTATCATTACATCTGAAGGACGGCTGCTTCATCTA	1	0.000856898029134533
237	ACCGTGACCCAGGACTCCTCCCTGCAAGGCTGCTTCATCTA	1	0.000856898029134533
238	ACCGTGACCCAGGACTCCTCCCTGCATGGCTGCTTCATCTA	1	0.000856898029134533
239	ACCGTGACCCAGGACTCCTTCCTTAAGCTCCATATTATGCAGGAAGGCTGCTACATCTA	1	0.000856898029134533
240	ACCGTGACCCAGGACTCCTTCCTTTAAGTCCATATTCTGCAGGACGGCTGCTTCATCTA	1	0.000856898029134533
241	ACCGTGACCCGAGACTTTATTTAGGTCCTCCATATTACTGCAGGACGGCTGCTTCATCTA	1	0.000856898029134533
242	ACCGTGACCGCTTTCTTTCTTTAAAAGACCTCGTCCATATTACTGCAGGACGGCTGCTTCATCTA	1	0.000856898029134533
243	ACCGTGACCCAGTACTCCTCCCTGCAAGGACGGCTGCTTCATCTA	1	0.000856898029134533
244	ACCGTGACCCAGGACTCCTCCCTGCTAGCTTTAGTCCATATACTGCAGGACGGCTGCTTCATCTA	1	0.000856898029134533
245	ACCGTGACCCATCCTTATGTCCATATTACTGCAGGACGGCTGCTTCATCTA	1	0.000856898029134533
246	ACCGTGACCCAGGACTCTATTCTCCTATATTTTTTTCAACTGCAGGACGGCTGCTTCATCTA	1	0.000856898029134533
247	TCCGTGACCCAGGAATATTTCCTCTATTATTTCTTCCAACTGCAGGACGGCTGCTTCATCTA	1	0.000856898029134533
248	ACCGTGACCCAGGACTCCTCCCTCTGTGTCCATATTCCATATTAACTGCAGGACGGCTGCTTCNTCTA	1	0.000856898029134533
249	ACCGTGACCCAGGACTGTTAGTCCTTAGTCCATATCCTCCTATTACTGCAGGACGGCTGCTTCATCTA	1	0.000856898029134533
250	ACCGTGACCCAGGACTCCTCCATGCAAAAGCCTCCTTTAGTCCATATTCTGCAGGACGGCTGCTTCATCTA	1	0.000856898029134533
251	ACCGTGACCCAGGACTCCTCCCTGTCAAATCCTCCTTTAGTCCATATACTGCAGGACGGCTGCTTCATCTA	1	0.000856898029134533
252	ACCGTGACCCAGGACTCCTCCCTGCAGTCTTCATCTACGGCTGCTTCATCTA	1	0.000856898029134533
253	ACCGTGACCCAGGACTCCTCCCTGCTTGCTTCATCTACGGCTGCTTCATCTA	1	0.000856898029134533
254	ACCGTGACCCAGGACTCCTCCCAGCATCTCCATATTACATATTAGCTGCCGGCCGGCTGCTACATCTA	1	0.000856898029134533
255	ACCGTGACCCAGGACTCCTCCCTGTGTGTCCATATTCCATATTAACAGCAGGACGGCTGCTTCATCTA	1	0.000856898029134533
256	ACCGTGACCCAGGACGCCTCCTTCATATATATCTACTGCAGGACGGCTGCTTCATCTA	1	0.000856898029134533
257	ACCGTGACCCAGGACTCCTGCCTGAATATACTGCAGGACGGCGGCGTCATCAA	1	0.000856898029134533
258	ACCGTGACCCAGGTCTCCTCGCTAGATTTACAGCAGGACGGCTGCTTCATCTA	1	0.000856898029134533
259	ACCGTGACCCGGGACTCCTCCCTGCAGCAAGCCTCCTTTAGTCCATATTATGCAGGACGGCTGCTTCATCTA	1	0.000856898029134533
260	ACCGTGACCCGGGACTCCTCCCTGCAAGAAGCCTCCTTTAGTCCATATTCTGCAGGACGGCTGCTTCATCTA	1	0.000856898029134533
261	ACCGTGACCCAGGACTCCTCTGTCCATGTCCATATTATTCTTTAACTGCAGGACGGCTGCTTCATCTA	1	0.000856898029134533
262	ACCGTGACCCAGGACTCTTAGTCCATATTACTGCAGGACGGCTGCTTCATCTA	1	0.000856898029134533
263	ACCGTGACCCAGGATCCTTAGTCCATATTACTGCAGGACGGCTGCTTCATCTA	1	0.000856898029134533
264	ACCGTGACCCTGGCCTTTCTTTAACTCGTCCATATTACTGCAGGACGGCTGCTTCATCTA	1	0.000856898029134533
265	ACCGTGACCCAGGACTCCTTAAAGCCATATTACTGCAGGACGGCTGCTTCATCTA	1	0.000856898029134533
266	ACCGTGTCCCAGGACTCGCTTTATCCTTATTACTGCAGGACGGCTGCTTCATCTA	1	0.000856898029134533
267	ACCGTGACCCTGGACTCCTCCCGCTGTGTCCATATTCCATATTAACTGCAGGACGGCTGCTTCATCTA	1	0.000856898029134533
268	ACCGTGACCCATGACTCCCCCCTGCAGGACGGCTGCTTCATCTA	1	0.000856898029134533
269	ACCGTGACCCAGGACTCCTCCCTGCAGCTATAAAGGAGGCTGCTTCATCTA	1	0.000856898029134533
270	ACCGTGACCCAGGACTCCTCCCTGCAAGTCTAAAGGAGGCTGCTTCATCTA	1	0.000856898029134533
271	ACCGTGACCCAGGACTCCTCCCTGCAGGATGCAGGACGGCTGCTTCATCTA	1	0.000856898029134533
272	ACCGTGACCCAGGACTCCTCCCTGCAAGGTGCAGGACGGCTGCTTCATCTA	1	0.000856898029134533
273	ACCGTGAAAAAGCCTCCTTTTAGCCATATTACTGCAGGACGGCTGCTTCATCTA	1	0.000856898029134533
274	ACCGTGAAAAAGCCTCGCTTTATCCATATTACTGCAGGACGGCTGCTTCATCTA	1	0.000856898029134533
275	ACCGTGACCCAGGTCTTAGTCCATATTACTGCAGGACGGCTGCTTCATCTA	1	0.000856898029134533
276	ACCGTGACCCAGGCTTTAGTCCATATTACTGCAGGACGGCTGCTTCATCTA	1	0.000856898029134533
277	ACCGTGACCCAGGACTCCACCCTGCAGCTTTTAGTCCATATTATGCAGGACGGCTGCTTCATCTA	1	0.000856898029134533
278	ACCGTGACCCAGGACTCCACCCTGCAAGTTTTAGTCCATATTCTGCAGGACGGCTGCTTCATCTA	1	0.000856898029134533
279	ACCGTGACCCAGGACTCCTCCCTGCAGTGCAGGACTGCTGCTTCATCTA	1	0.000856898029134533
280	ACCGTGACCCAGGACTCCTCCCTGCACCCTTTAGTCCATATTATGCAGGACGGCTGCTTCATCTA	1	0.000856898029134533
281	ACCGTGACCCAGGACTCCTCCCTGCAGCTAATCCATATTATGCAGGACGGCTGCTTCATCTA	1	0.000856898029134533
282	ACCGTGACCCAGGACTCCTCCCTGCAAGTAATCCATATTCTGCAGGACGGCTGCTTCATCTA	1	0.000856898029134533
283	ACCGTGACCCAGGACTCCTCCCTCCATCTCCATATTACATATTAGCTGCCGGACGGCTGCTTCATCTA	1	0.000856898029134533
284	ACCGTGACCCAGGACTCCTCCCTCTGTGTCCATATTCCATATTAACTGCCGGACGGCTGCTTCATCTA	1	0.000856898029134533
285	ACCGTGACCCAGGACTCCTTCTAGCCATATTACTGCAGGACGGCTGCTTCATCTA	1	0.000856898029134533
286	ACCGTGACCCTGGACTCCTCCCTGCAATATACGCAGGACGGCTGCTTCATCTA	1	0.000856898029134533
287	ACCGTGACCCAGGACTCCTCCCTGCTAGTTAGTCCATATACTGCAGGACGGCTGCTTCATCTA	1	0.000856898029134533
288	ACCGTGACCCAGGACTCCTCCCTTGCACCTTTAGTCCAATTACTGCAGGACGGCTGCTTCATCTA	1	0.000856898029134533
289	ACCGTGACCCAGGACTCCTCCCTGCAGCCATGCAGGACGGCTGCTTCATCTA	1	0.000856898029134533
290	ACCGTGACCCAGGACTCCTCCCTGCAAGCCTGCAGGACGGCTGCTTCATCTA	1	0.000856898029134533
291	TCCGTGTCCCAGGCCTCGCTTTATCCTTATTACTGCAGGACGGCTGCTTCATCTA	1	0.000856898029134533
292	ACCGAGACCCAGGACTCCTCCCTCCAATATTCTGCAGGACGGCTGCTTCATCTA	1	0.000856898029134533
293	ACCGTGACCCAGGACTCCTCCCTGCAGCATTATGCAGGACGGATGAGTAATCTA	1	0.000856898029134533
294	ACCGTGACCCAGGTCTCCTCCCTGCAAGATTCTGCAGGACGGCTGCTTCATCTA	1	0.000856898029134533
295	ACCGTGACCCAGGACTCCTAGCCTCCTTTAGCCATATTACTGCAGGACGGCTGCTTCATCTA	1	0.000856898029134533
296	ACCTTGACCCAGGACTCCTCCCTGCCTGCAGGACGGCTGCTTCATCTA	1	0.000856898029134533
297	ACCGTGACCCAGGACTCCTCCCTGCAGCGCTCCTTTAGTCCATATTATGCAGGACGGCTGCTTCATCTA	1	0.000856898029134533
298	ACCGTGACCCAGGACTCCTCCCTGCAAGGCTCCTTTAGTCCATATTCTGCAGGACGGCTGCTTCATCTA	1	0.000856898029134533
299	ACCGTGACCCAGGACTCCTCCCTAATTACTGCAGGACGGCTGCTTCGTCTA	1	0.000856898029134533
300	ACCGTGACCCAGGACTCCTCCACTATTACTGCAGGACGGCTGCTTCGTCTA	1	0.000856898029134533
301	ACCGTGACCCAGGACTCCTCCCTGCAGCTGTCCATATTATGCAGGACGGCTGCTTCATCTA	1	0.000856898029134533
302	ACCGTGACCCAGGACTCCTCCCTGCAAGTGTCCATATTCTGCAGGACGGCTGCTTCATCTA	1	0.000856898029134533
303	ACCGTGACCCAGCCCTTTAGTCCATATTACTGCAGGACGGCTGCTTCATCTA	1	0.000856898029134533
304	ACCGTGACCCAGCCTCTTAGTCCATATTACTGCAGGACGGCTGCTTCATCTA	1	0.000856898029134533
305	ACCGTGACCCAGCCTCCTTTAGTCCTATATACTGCAGGACGGCTGCTTCATCTA	1	0.000856898029134533
306	ACCGTGACCCAGGACTCCTCCCAGCATCTCCATATTACATATTAGCTGCAGGACGGCTGCTTCATCTA	1	0.000856898029134533
307	ACCGTGACCCAGGACTCCTCCCAGTGTGTCCATATTCCATATTAACTGCAGGACGGCTGCTTCATCTA	1	0.000856898029134533
308	ACCGTGACCCAGGACTCCTCCCCGCAGCCCTTTAGTCCATATTATGCAGGACGGCTGCTTCATCTA	1	0.000856898029134533
309	ACCGTGACCCAGGACTCCTCCCCGCAAGCCTTTAGTCCATATTCTGCAGGACGGCTGCTTCATCTA	1	0.000856898029134533
310	ACCGTGACCCAGGACTCCTCCCTGCTTGCAGGACGGCTGCTTCATCTA	1	0.000856898029134533
311	ACCGTGTCCCAGGACTCCTCCCTGCTTGCAGGATGGCTGCTTCATCTA	1	0.000856898029134533
312	ACCGTGACCCAGGACTCCTAGCCATATTACTGCAGGACGGCTGCTTCCTCTA	1	0.000856898029134533
313	ACCGTGACCCAGGACTCGCATCCATATTACTGCAGGACGGATGCTTCATCTT	1	0.000856898029134533
314	ACCGTGACCCAGGACTCCTCCCAGCATCTCCATATTACATATTAGCTGCCGGACGGCTGCTTCATCTA	1	0.000856898029134533
315	ACCGTGACCCAGGACTCCTCCCTTTTAGTCCATAGTCCATTATTACTGCAGGACGGCTGCTTCATCTA	1	0.000856898029134533
316	ACCGTGACCCAGGACTCCTCCCTGCAGCTATTATTCAGGACGGCTGCTTCATCTA	1	0.000856898029134533
317	ACCGTGACCCAGGACTCCTCCCTGCAAGTATTCTTCAGGACGGCTGCTTCATCTA	1	0.000856898029134533
318	ACCGGGACCCAGGACTCCTCCCTGCATCTTAGTCCATATTATGCAGGACGGCTGCTTCATCTA	1	0.000856898029134533
319	ACCGTGACCCAGGACTCCTCCCTCTGTGTCCATATTCCATATTAACTGCAGTACGGCTGCTTCATCTA	1	0.000856898029134533
320	ACCGTGACCCAGGACTCCTCCCTGCAACAGCCTCCTTTAGTCCATATTATGCAGGACGGCTGCTTCATCTA	1	0.000856898029134533
321	ACCGTGTCCCAGGACTCCTCCAGGACGGCTGCTTCATCTA	1	0.000856898029134533
322	ACCGTGACCCAGGAGTCCTCCCTGCTGCAGGACGGCTGCTTCATCTA	1	0.000856898029134533
323	ACCGTGACCCAGGACTCCTCCCTGAAGCCCTCCTTTAGTCCATATTATGCAGGACGGCTGCTTCATCTA	1	0.000856898029134533
324	ACCGTGACCCAGGACTCCTCCCTGAAAGCCTCCTTTAGTCCATATTCTGCAGGACGGCTGCTTCATCTA	1	0.000856898029134533
325	ACCGTGACCCAGGACTCCTCCCCATAATTCTGCAGGACGGCTGGGTCATCTT	1	0.000856898029134533
326	ACCGTCTCCCAGGACTCCTCCCCATAATTCTGCAGGACGGCTGCTTCATCTA	1	0.000856898029134533
327	ACCGTGACCCAGGCCTCCTTTTAGCCATATTACTGCAGGACGGCTGCTGCATCTA	1	0.000856898029134533
328	ACCGTGACCCAGGCCTCGCTTTATCCATATTACTGCAGGACGGCTGCTTCATCTA	1	0.000856898029134533
329	ACCGTGACCCAGGGCTCCTCCCTGCAGCTCCATATTATGCAGGACGGCTGCTTCATCTA	1	0.000856898029134533
330	ACCGTGACCCAGGGCTCCTCCCTGCAAGTCCATATTCTGCAGGACGGCTGCTTCATCTA	1	0.000856898029134533
331	ACCGTGACCCAGGACTCGCTCTTTATCCATATTACTGCAGGACGGCTGCTTCATCTA	1	0.000856898029134533
332	ACCGTGACTCAGGACTCCTCCCCTGCAGGACGGCTGCTTCATCTA	1	0.000856898029134533
333	ACCGTGACCCAGGACTCCTCCCAGCATGCAGGACGGCTGCTTCATCTA	1	0.000856898029134533
334	ACCGTGACCCATGACTCCTACCTGCAGGGCTGCTTCATCTA	1	0.000856898029134533
335	ACCGTGACCCAGGACTCCTCCCTGCAGCAAAGGTCGACTCTAGTCCATATTATGCAGGACGGCTGCTTCATCTA	1	0.000856898029134533
336	ACCGTGACCCAGGACTCCTCCCTGCAAGAAAGGTCGACTCTAGTCCATATTCTGCAGGACGGCTGCTTCATCTA	1	0.000856898029134533
337	ACCGTGACCCAGGACCCGTTTATCCATATTACTGCAGGACGGCTGCTTCATCTA	1	0.000856898029134533
338	ACCGTGACCCAGGACTCCTCCCTGAAGCTCACCATTAGTCCATATTAAGCAGGACGGCTGCTTCATCTA	1	0.000856898029134533
339	ACCGTGACCCTTGACTCCTCCCTGAAAGCCTCCTTTAGTCCATATTATGCAGGACGGCTGCTTCATCTA	1	0.000856898029134533
340	ACCGTGACCCAGGACTCCTCCCTAGATTTACTGCAGGACGGCTGCTTCATCTA	1	0.000856898029134533
341	ACCGAGACCCAGTGTCCATATTACTGCAGGACGGCTGCTTCATCTA	1	0.000856898029134533
342	ACCGTGACCCAGGACTCCTCCCTGCAGCAGGAGGCTGCTTCATCTA	1	0.000856898029134533
343	ACCGTGACCCTGGACTCCTCCCTGCAGCAGGAGGCTGCTTCATCTA	1	0.000856898029134533
344	ACCGTGACCCAGGACTCCGCCTCCATATTCCATATTATACTTTAGCTGCAGGACGGCTGCTTCATCTA	1	0.000856898029134533
345	ACCGTGACCCAGGACTCCGTGTCCATAGTCCATATTTTCCTTTAACTGCAGGACGGCTGCTTCATCTA	1	0.000856898029134533
346	ACCGTGACCCAGACCTTTCTTTAACTCGTCCATATTACTGCAGGACGGCTGCTTCATCTA	1	0.000856898029134533
347	ACCGTGACCCAGGACTCCTCCCTGCAGCCATTAGTCCAAATTATGAAGGACGGCTGCTACATCTA	1	0.000856898029134533
348	ACCGTGACCCATGACTCCTCCCTGCAAGCTTTAGTCCATATTCTGCAGGACGGCTGCTTCATCTA	1	0.000856898029134533
349	ACCGGGACCCAGGACTCCTCCCTGCAATTTAGTCCATATTCTGCAGGACGGCTGCTTCATCTA	1	0.000856898029134533
350	ACCGTGACCCAGGACTCCTCCCTGCAGCTACATATTATGCAGGACGGCTGCTTCATCTA	1	0.000856898029134533
351	ACCGTGACCCAGGACTCCTCCCTGCTATTCCATATACAGCAGGACGGCTGCTTCATCTA	1	0.000856898029134533
352	ACCGTGACCCAGGACTCCTCCCTGCAGCCGGCTGCTTCATCTA	1	0.000856898029134533
353	TCCGTGACCCAGGACTCCTCCCTGCAGCCGGCTGCTTCATCTA	1	0.000856898029134533
354	ACCGTGACCCAGGACTCCTCCCTGCATCTCCATATTACATATTAGCTGCAGGACGGCTGCTACATCTA	1	0.000856898029134533
355	ACCGTGACCCAGGACTCCTCCCTGCAGGCTGCAGGACGGCTGCTTCATCTA	1	0.000856898029134533
356	ACCGTGACCCAGGACTCCTCCCTGCGAGCTGCAGGACGGCTGCTTCATCTA	1	0.000856898029134533
357	ACCGTGACCCAGGACGCCTCCGATATATATTCCTACTGCAGGACGGCTGCTTCATCTA	1	0.000856898029134533
358	ACCGTGACCCAGGACTCCTCCCAGAAGCTCTGCAGGACGGCGGCTACATCTA	1	0.000856898029134533
359	ACCGTGACCCAGGACTCCTCCCTGCATGCAGGACGGCTGCTTCATATA	1	0.000856898029134533
360	ACCGTGACCCTGGACTCCTCCCTTCATGCAGGACGGCTGCTTCATCTA	1	0.000856898029134533
361	ACCGTGACCCAGGACTCCTCCCTGCAAGAGTCCATATTCTGCAGGACGGCTGCTTCATCTA	1	0.000856898029134533
362	ACCGTGACCCAAAAAGCCTCCGAATATCAATACATCTGCAGGACGGCGGCTTCATCTA	1	0.000856898029134533
363	ACCGTGACCCAAAAAGCCTCAATATGATATTCCTACTGCAGGACGGCTGCTTCATCTA	1	0.000856898029134533
364	ACCGTGACCCAGGACTCCTCCCTGCATGCATGACCGCTGCTTCATCTA	1	0.000856898029134533
365	ACCGTGACCCAGGACTCCTCCCTGCATGCATGACGGCTGCTTCATCTA	1	0.000856898029134533
366	ACCGTGACCCAGGACTACTTTGTCCATATTACTGCAGGACGGCTGCTTCATCTA	1	0.000856898029134533
367	ACCGTGACCCAGGACTCCTCCCTGCAGCGAGCCTCCTTTAGTCCATATTATGCAGGACGGCTGCTTCATCTA	1	0.000856898029134533
368	ACCGTGACCCAGGACTCCTCCCTGCAAGGAGCCTCCTTTAGTCCATATTCTGCAGGACGGCTGCTTCATCTA	1	0.000856898029134533
369	ACCGTGACCCAGGACTCCTCCCTGCAATATTCTGCAGGACGGCTGCTTCATCTA	1	0.000856898029134533
370	ACCGTGACCCAGGACTCCTCCCTGCTATATACTGCAGGACGGCTGCTTCATCTA	1	0.000856898029134533
371	ACCGTGACCCAGGACTCCTCCCTGCAGCTCCATATTATGCAGGACGGCTGCTTCAACTA	1	0.000856898029134533
372	ACCGTGACCCAGGACTCCTCCCTGCAGCATATGCAGGACGGCTGCTTCATCTA	1	0.000856898029134533
373	ACCGTGACCCAGGACTCCTCCCTGCAAGATCTGCAGGACGGCTGCTTCATCTA	1	0.000856898029134533
374	ACCGTGACCCAGGACTCCTATATTATTTATTCCAACTGCAGGACGGCTGCTTCATCTA	1	0.000856898029134533
375	ACCGTGACCCAGTACTCGCTTTATCCATATTACTGCAGGACGGCTGCTTCATCTA	1	0.000856898029134533
376	ACCGTGACCCAGGACTCCTCCCCGCATCTCCATATTACATATTAGCTGCAGGACGGCTGCTTCATCTA	1	0.000856898029134533
377	ACCGTGACCCAGGACTCCTCCCCGTGTGTCCATATTCCATATTAACTGCAGGACGGCTGCTTCATCTA	1	0.000856898029134533
378	ACCGTGACCCAGGTCTCCTCCCTGCCTGCAGGACGGCTGCTTCATCTA	1	0.000856898029134533
379	ACCGTGACCCAGGACTCCTCCCTGTAGCATATTATGCAGGACGGCTGCTTCATCTA	1	0.000856898029134533
380	ACCGTGACCCACGACTCCTCCCTGTTAGATATTCTGCAGGACGGCTGCTTCATCTA	1	0.000856898029134533
381	ACCGAGACCCAGGACTCCTCCCTGCAGCTAGTCCATATTATGCAGGACGGCTGCTTCATCTA	1	0.000856898029134533
382	ACCGTGACCCAGGACTCCTCCCTGCTTACTGCAGGACGGCTGCTTCATCTA	1	0.000856898029134533
383	ACCGTGACCCATCCTTTTAGCCATATTACTGCAGGACGGCTGCTTCATCTA	1	0.000856898029134533
384	ACCGTGACCCAGGACTCCTCCCTGCAATTAGTCCACATTCTGCAGGACGGCTGCTTCATCTA	1	0.000856898029134533
385	ACCGTGACCCAGGACTCCTCCCTGCTATTAGTCCACATACTGCAGGACGGCTGCTTCATCTA	1	0.000856898029134533
386	ACCGTGACCCAGGACTCCTCCCTGCAGAGGACGGCTGCTNCATCTA	1	0.000856898029134533
387	ACCGTGACCCAGGACTCCTCCATTCTATATTTTAACTGCAGGACGGCTGCTTCATCTA	1	0.000856898029134533
388	ACCGTGACCCAGGACTCATCCCTGCAGGCTGCAGGACGGCTGCTTCATCTA	1	0.000856898029134533
389	ACCGTGACCCAGGACTCATCCCTGCGAGCTGCAGGACGGCTGCTTCATCTA	1	0.000856898029134533
390	ACCGAGACCCAGGACTCCTCCCTGCAGTGCTTCATCTA	1	0.000856898029134533
391	ACCGTGACCCAGGTAGTACATATTACTGCAGGACGGCTGCTTCATCTA	1	0.000856898029134533
392	ACCGTGACCCAGGTAGTTCATATTACTGCAGGACGGCTGCTTCATCTA	1	0.000856898029134533
393	ACCGTGACCCAGGACTTTTTTTAGAGCCTCCATATTACTGCAGGACGGCTGCTTCATCTA	1	0.000856898029134533
394	ACCGTGACCCAGGACTCCTCCCTGCAGCATGCAGGACGGCTGCTTCATCTA	1	0.000856898029134533
395	ACCGTGACCCAGGACTCCTCCCTGCAAGCTGCAGGACGGCTGCTTCATCTA	1	0.000856898029134533
396	ACCGTGACCCAGGACTCCTCCCTGCAAATATTCTGCAGGACGGCTGCTTCATCTA	1	0.000856898029134533
397	ACCGTGACCCAGGACTCCTCCCTGCTAATATACTGCAGGACGGCTGCTTCATCTA	1	0.000856898029134533
398	ACCGTGACCCAGGACTCCTAAAGCCTCCTTTAGCCATATTACTGCAGGACGGCTGCTTCATCTA	1	0.000856898029134533
399	ACCGTGACCCAGTTCTCCTCCCTGCTGACGGCTGCTTCATCTA	1	0.000856898029134533
400	ACCGTGACCCAGGACTCCTCCCTGCAGCGGTCCATATTATGCAGGACGGCTGCTTCATCTA	1	0.000856898029134533
401	ACCGTGACCCAGGACTCCTCCCTGCAAGGGTCCATATTCTGCAGGACGGCTGCTTCATCTA	1	0.000856898029134533
402	ACCGTGACCCAGGACTCTATTCTATTTTATTCCGTCCAACTGCAGGACGGCTGCTTCATCTA	1	0.000856898029134533
403	ACCGGGACCCAGGTCTCCTCCCTTCAGCATCTAAAGCAGGACGGCTGCTTCATCTA	1	0.000856898029134533
404	ACCGTGACAAAAGCCTCCTTTTAGCCATATTACTGCAGGACGGCTGCTTCATCTA	1	0.000856898029134533
405	ACCGTGACAAAAGCCTCGCTTTATCCATATTACTGCAGGACGGCTGCTTCATCTA	1	0.000856898029134533
406	ACCGTGACCCAGGACTCCTCCCTGCAGATCATCTA	1	0.000856898029134533
407	ACCGTGACCCAGGACTCCTCCCTGCTGTTCATCTA	1	0.000856898029134533
408	ACCGTGACCCAGGACTCCTCCCTGCATCTAGTCCATATTAAGCAGGACGGCTGCTTCATCTA	1	0.000856898029134533
409	ACCGTGACCCTGGACTCCTCCCTGCTATTAGTCCATATACAGCAGGACGGCTGCTTCATCTA	1	0.000856898029134533
410	ACCGTGACCCAGGACTCCTCCATGACGGCTGCTTCATCTA	1	0.000856898029134533
411	ACCGTGACCCAGGACTCCTCCCTGCAAGACTTAGGACGGCTGCTTCATCTA	1	0.000856898029134533
412	ACCGTGACCCAGGACTCCTCCCTGCAGCTTTTAGTCCATATTATGCAGGACGGCTGCTTCATCTA	1	0.000856898029134533
413	ACCGTGACCCAGGACTCCTCCCTGCAAGTTTTAGTCCATATTCTGCAGGACGGCTGCTTCATCTA	1	0.000856898029134533
414	ACCGTGACCCAGGCCTTTCTTTTTCTCGTCCATATTACTGCAGGACGGCTGCTTCATCTA	1	0.000856898029134533
415	ACCGTGACCCAGGACTCCTCCCTGCAAGCAGGACGGCAGCTTCATCGA	1	0.000856898029134533
416	ACCGTGACCCATGACTCCTCCCTGCAAGCAGGACGGCTGCTTCATCTA	1	0.000856898029134533
417	ACCGTGACCCAGGACTCCTCCCTGCACTGCTTCATCTA	1	0.000856898029134533
418	ACCGTGACCCAGGACTCCTCCCTGCATCTCTATATTATATATTAGCTGCAGGACGGCTGCTTCATCTA	1	0.000856898029134533
419	ACCGTGACCCAGGACTCCTCCCTGTGTGTCTATATTCTATATTAACTGCAGGACGGCTGCTTCATCTA	1	0.000856898029134533
420	ACCGTGACCCAGGACTCCTCCCTGCTACCATATACTGCAGGACGGCTGCTTCATCTA	1	0.000856898029134533
421	ACCGTGACCCAGGACTCCTCCCTGCAGCTATTTATCCACTCCTCCTGCAGGACGGCTGCTTCATCTA	1	0.000856898029134533
422	ACCGTGACCCAGGACTCCTCCCTGCACGTATTTATCCACTCCTCCTGCAGGACGGCTGCTTCATCTA	1	0.000856898029134533
423	ACCGTGACCCAGGACTCCTCCCTGCTATCCTTTAGTCCATATACTGCAGGACGGCTGCTTCATCTA	1	0.000856898029134533
424	ACCGTGACCCAGGACCCTTTAGTCCTATATACTGCAGGACGGCTGCTTCATCTA	1	0.000856898029134533
425	ACCGTGAGAAAAGCCTCCTTATAGCCATATTACTGCAGGACGGCTGCTTCATCTA	1	0.000856898029134533
426	ACCGTGAGAAAAGCCTCGCTTTATCCATATTACTGCAGGACGGCTGCTTCATCTA	1	0.000856898029134533
427	ACCGTGACCCAGGACTCCTCCCTGCAGCTTCCTTTAGTCCATATTATGCAGGACGGCTGCTTCATCTA	1	0.000856898029134533
428	ACCGTGACCCAGGACTCCTCCCTGCAAGTTCCTTTAGTCCATATTCTGCAGGACGGCTGCTTCATCTA	1	0.000856898029134533
429	ACCGTGACCCACCATATTACTGCAGGAAGGCTGCTTCATCTA	1	0.000856898029134533
430	ACCGTGACCCAGGACTCCTCCCTTTAGCTCCATACTATGCAGGACGGCTGCTTCATCTA	1	0.000856898029134533
431	ACCGTGACCCAGGACTCCTCCCTTTAAGTCCATACTCTGCAGGACGGCTGCTTCATCTA	1	0.000856898029134533
432	ACCGTGACCCAGGACTCCTCCATATTACTGCAGGACGGCTGCGTCATCTA	1	0.000856898029134533
433	ACCGTGACCCAGGACTCCTCCCTGCAGCAAAGCCTCCTTTAGTCCATATTATGCAGGACGGCTGCTTCATCTA	1	0.000856898029134533
434	ACCGTGACCCAGGACTCCTCCCTGCAAGAAAGCCTCCTTTAGTCCATATTCTGCAGGACGGCTGCTTCATCTA	1	0.000856898029134533
435	ACCGTGACCCAGGACTCCTCCCTGCAACATATTCTGCAGGACGGCTGCTTCATCTA	1	0.000856898029134533
436	ACCGTGACCCAGGACTCCTCCCTGCTACATATACTGCAGGACGGCTGCTTCATCTA	1	0.000856898029134533
437	ACCGTGACCCAGGACTCCTCCCTGCAGATATACGGCTGCTTCATCTA	1	0.000856898029134533
438	ACCGTGACCCAGGACTCCTCCCTGAAGATATACGGCTGCTTCATCTA	1	0.000856898029134533
439	ACCGTGACCCAGGACTCCTTCGCCATATTACTGCAGGACGACTGCTTCATCTA	1	0.000856898029134533
440	ACCGTGACCCAGGACTCGCTCTCCATATTACTGCAGGACGACTGCTTCATCTA	1	0.000856898029134533
441	ACCGTGACCCAGGACTCCTTCGCCATATTACTGCAGGACGGCTGCTTCATCTA	1	0.000856898029134533
442	ACCGTGAACCAGGACTCCTCCCTGCAGCTCCTTTAGTCCATATTATGCAGGACGGCTGCTTCATCTA	1	0.000856898029134533
443	ACCGTGACCCAGGACTCCTCCCTGCAACTCCTTTAGTCCATATTCTGCAGGGCGGCTGCTTCATCTA	1	0.000856898029134533
444	ACCGTGACCCAGGACTCCTCCCTGCTACTCCTTTAGTCCATATACTGCAGGGCGGCTGCTTCATCTA	1	0.000856898029134533
445	ACCGTGACCCAGGACTCCTTCCTTTAGCCATATTACTGCAGGACGGCTGCTTCATCTA	1	0.000856898029134533
446	ACCGTGACCCAGGACTCCTCCTTCTATTATTTCAACTGCAGGACGGCTGCTTCATCTA	1	0.000856898029134533
